# v41 decision funnel | BNBUSDT | days=7 | path=RC3 binary TR→Confidence→Decision
# finalConfidence = Confidence Engine (Decision threshold SSOT); confTR = detail.confidence
# bands vs decisionConfig thresholds: ignore/watch floor 45, long/short 75
symbol,openTime,iso,trendDirection,proposedSide,confTR,finalConfidence,decision,trendReversalConfirmed,trState,preContextState,trActive,contextApplied,contextPass,ctxBtc,ctxFunding,ctxOi,ctxWhale,ctxVolatility,ewSeverity,ewPass,momentumLong,momentumShort,momentumPass,eligible,hardBlocks,activeConditionCount,completenessMultiplier,proposedDirection,bandLt45,band45to75,bandGe75,finalPropose
BNBUSDT,1785157200000,2026-07-27T13:00:00.000Z,BULL,SHORT,50,19.125,IGNORE,0,WATCH,,0,0,0,NA,NA,NA,NA,NA,BLOCK,0,0,0,0,0,TREND_REVERSAL_UNCONFIRMED,2,0.45,SHORT,1,0,0,0
BNBUSDT,1785160800000,2026-07-27T14:00:00.000Z,NEUTRAL,NONE,0,7.875,IGNORE,0,WATCH,,0,0,0,NA,NA,NA,NA,NA,BLOCK,0,0,0,0,0,TREND_REVERSAL_UNCONFIRMED,0,0.45,NONE,1,0,0,0
BNBUSDT,1785164400000,2026-07-27T15:00:00.000Z,NEUTRAL,NONE,0,7.875,IGNORE,0,WATCH,,0,0,0,NA,NA,NA,NA,NA,BLOCK,0,0,0,0,0,TREND_REVERSAL_UNCONFIRMED,0,0.45,NONE,1,0,0,0
BNBUSDT,1785168000000,2026-07-27T16:00:00.000Z,NEUTRAL,NONE,0,7.875,IGNORE,0,WATCH,,0,0,0,NA,NA,NA,NA,NA,WARNING_SOFT,1,0,0,0,0,TREND_REVERSAL_UNCONFIRMED,0,0.45,NONE,1,0,0,0
BNBUSDT,1785171600000,2026-07-27T17:00:00.000Z,BULL,SHORT,17.5,12.909375,IGNORE,0,WATCH,,0,0,0,NA,NA,NA,NA,NA,CLEAR,1,0,0,0,0,TREND_REVERSAL_UNCONFIRMED,1,0.45,SHORT,1,0,0,0
BNBUSDT,1785175200000,2026-07-27T18:00:00.000Z,BULL,SHORT,17.5,12.909375,IGNORE,0,WATCH,,0,0,0,NA,NA,NA,NA,NA,WARNING_SOFT,1,0,0,0,0,TREND_REVERSAL_UNCONFIRMED,1,0.45,SHORT,1,0,0,0
BNBUSDT,1785178800000,2026-07-27T19:00:00.000Z,BULL,SHORT,42.5,18.534375,IGNORE,0,WATCH,,0,0,0,NA,NA,NA,NA,NA,WARNING_SOFT,1,0,0,0,0,TREND_REVERSAL_UNCONFIRMED,2,0.45,SHORT,1,0,0,0
BNBUSDT,1785182400000,2026-07-27T20:00:00.000Z,BULL,SHORT,17.5,12.909375,IGNORE,0,WATCH,,0,0,0,NA,NA,NA,NA,NA,WARNING_SOFT,1,0,0,0,0,TREND_REVERSAL_UNCONFIRMED,1,0.45,SHORT,1,0,0,0
BNBUSDT,1785186000000,2026-07-27T21:00:00.000Z,BULL,SHORT,17.5,12.909375,IGNORE,0,WATCH,,0,0,0,NA,NA,NA,NA,NA,WARNING_SOFT,1,0,0,0,0,TREND_REVERSAL_UNCONFIRMED,1,0.45,SHORT,1,0,0,0
BNBUSDT,1785189600000,2026-07-27T22:00:00.000Z,NEUTRAL,NONE,0,7.875,IGNORE,0,WATCH,,0,0,0,NA,NA,NA,NA,NA,WARNING_SOFT,1,0,1,0,0,TREND_REVERSAL_UNCONFIRMED,0,0.45,NONE,1,0,0,0
BNBUSDT,1785193200000,2026-07-27T23:00:00.000Z,NEUTRAL,NONE,0,7.875,IGNORE,0,WATCH,,0,0,0,NA,NA,NA,NA,NA,BLOCK,0,0,0,0,0,TREND_REVERSAL_UNCONFIRMED,0,0.45,NONE,1,0,0,0
BNBUSDT,1785196800000,2026-07-28T00:00:00.000Z,NEUTRAL,NONE,0,7.875,IGNORE,0,WATCH,,0,0,0,NA,NA,NA,NA,NA,WARNING_SOFT,1,0,0,0,0,TREND_REVERSAL_UNCONFIRMED,0,0.45,NONE,1,0,0,0
BNBUSDT,1785200400000,2026-07-28T01:00:00.000Z,BEAR,LONG,24.581353671091378,13.467031601598446,IGNORE,0,WATCH,,0,0,0,NA,NA,NA,NA,NA,CLEAR,1,0,0,0,0,TREND_REVERSAL_UNCONFIRMED,1,0.45,LONG,1,0,0,0
BNBUSDT,1785204000000,2026-07-28T02:00:00.000Z,BEAR,LONG,0,7.875,IGNORE,0,WATCH,,0,0,0,NA,NA,NA,NA,NA,CLEAR,1,0,0,0,0,TREND_REVERSAL_UNCONFIRMED,0,0.45,LONG,1,0,0,0
BNBUSDT,1785207600000,2026-07-28T03:00:00.000Z,BEAR,LONG,0,7.875,IGNORE,0,WATCH,,0,0,0,NA,NA,NA,NA,NA,CLEAR,1,0,0,0,0,TREND_REVERSAL_UNCONFIRMED,0,0.45,LONG,1,0,0,0
BNBUSDT,1785211200000,2026-07-28T04:00:00.000Z,BEAR,LONG,12.847222222222221,12.54296875,IGNORE,0,WATCH,,0,0,0,NA,NA,NA,NA,NA,CLEAR,1,0,0,0,0,TREND_REVERSAL_UNCONFIRMED,1,0.45,LONG,1,0,0,0
BNBUSDT,1785214800000,2026-07-28T05:00:00.000Z,BEAR,LONG,0,7.875,IGNORE,0,WATCH,,0,0,0,NA,NA,NA,NA,NA,CLEAR,1,0,0,0,0,TREND_REVERSAL_UNCONFIRMED,0,0.45,LONG,1,0,0,0
BNBUSDT,1785218400000,2026-07-28T06:00:00.000Z,BEAR,LONG,0,7.875,IGNORE,0,WATCH,,0,0,0,NA,NA,NA,NA,NA,CLEAR,1,0,0,0,0,TREND_REVERSAL_UNCONFIRMED,0,0.45,LONG,1,0,0,0
BNBUSDT,1785222000000,2026-07-28T07:00:00.000Z,BEAR,LONG,0,7.875,IGNORE,0,WATCH,,0,0,0,NA,NA,NA,NA,NA,CLEAR,1,0,0,0,0,TREND_REVERSAL_UNCONFIRMED,0,0.45,LONG,1,0,0,0
BNBUSDT,1785225600000,2026-07-28T08:00:00.000Z,BEAR,LONG,0,7.875,IGNORE,0,WATCH,,0,0,0,NA,NA,NA,NA,NA,CLEAR,1,0,0,0,0,TREND_REVERSAL_UNCONFIRMED,0,0.45,LONG,1,0,0,0
BNBUSDT,1785229200000,2026-07-28T09:00:00.000Z,BEAR,LONG,17.5,12.909375,IGNORE,0,WATCH,,0,0,0,NA,NA,NA,NA,NA,CLEAR,1,0,0,0,0,TREND_REVERSAL_UNCONFIRMED,1,0.45,LONG,1,0,0,0
BNBUSDT,1785232800000,2026-07-28T10:00:00.000Z,BEAR,LONG,17.5,12.909375,IGNORE,0,WATCH,,0,0,0,NA,NA,NA,NA,NA,WARNING_SOFT,1,0,0,0,0,TREND_REVERSAL_UNCONFIRMED,1,0.45,LONG,1,0,0,0
BNBUSDT,1785236400000,2026-07-28T11:00:00.000Z,BEAR,LONG,17.5,12.909375,IGNORE,0,WATCH,,0,0,0,NA,NA,NA,NA,NA,CLEAR,1,0,0,0,0,TREND_REVERSAL_UNCONFIRMED,1,0.45,LONG,1,0,0,0
BNBUSDT,1785240000000,2026-07-28T12:00:00.000Z,NEUTRAL,NONE,0,7.875,IGNORE,0,WATCH,,0,0,0,NA,NA,NA,NA,NA,WARNING_SOFT,1,0,0,0,0,TREND_REVERSAL_UNCONFIRMED,0,0.45,NONE,1,0,0,0
BNBUSDT,1785243600000,2026-07-28T13:00:00.000Z,BEAR,LONG,42.5,18.534375,IGNORE,0,WATCH,,0,0,0,NA,NA,NA,NA,NA,BLOCK,0,0,0,0,0,TREND_REVERSAL_UNCONFIRMED,2,0.45,LONG,1,0,0,0
BNBUSDT,1785247200000,2026-07-28T14:00:00.000Z,NEUTRAL,NONE,0,7.875,IGNORE,0,WATCH,,0,0,0,NA,NA,NA,NA,NA,BLOCK,0,0,0,0,0,TREND_REVERSAL_UNCONFIRMED,0,0.45,NONE,1,0,0,0
BNBUSDT,1785250800000,2026-07-28T15:00:00.000Z,NEUTRAL,NONE,0,7.875,IGNORE,0,WATCH,,0,0,0,NA,NA,NA,NA,NA,CLEAR,1,0,0,0,0,TREND_REVERSAL_UNCONFIRMED,0,0.45,NONE,1,0,0,0
BNBUSDT,1785254400000,2026-07-28T16:00:00.000Z,NEUTRAL,NONE,0,7.875,IGNORE,0,WATCH,,0,0,0,NA,NA,NA,NA,NA,CLEAR,1,0,0,0,0,TREND_REVERSAL_UNCONFIRMED,0,0.45,NONE,1,0,0,0
BNBUSDT,1785258000000,2026-07-28T17:00:00.000Z,BEAR,LONG,0,7.875,IGNORE,0,WATCH,,0,0,0,NA,NA,NA,NA,NA,WARNING_SOFT,1,0,0,0,0,TREND_REVERSAL_UNCONFIRMED,0,0.45,LONG,1,0,0,0
BNBUSDT,1785261600000,2026-07-28T18:00:00.000Z,NEUTRAL,NONE,0,7.875,IGNORE,0,WATCH,,0,0,0,NA,NA,NA,NA,NA,WARNING_SOFT,1,0,0,0,0,TREND_REVERSAL_UNCONFIRMED,0,0.45,NONE,1,0,0,0
BNBUSDT,1785265200000,2026-07-28T19:00:00.000Z,NEUTRAL,NONE,0,7.875,IGNORE,0,WATCH,,0,0,0,NA,NA,NA,NA,NA,CLEAR,1,0,0,0,0,TREND_REVERSAL_UNCONFIRMED,0,0.45,NONE,1,0,0,0
BNBUSDT,1785268800000,2026-07-28T20:00:00.000Z,NEUTRAL,NONE,0,7.875,IGNORE,0,WATCH,,0,0,0,NA,NA,NA,NA,NA,CLEAR,1,0,0,0,0,TREND_REVERSAL_UNCONFIRMED,0,0.45,NONE,1,0,0,0
BNBUSDT,1785272400000,2026-07-28T21:00:00.000Z,NEUTRAL,NONE,0,7.875,IGNORE,0,WATCH,,0,0,0,NA,NA,NA,NA,NA,CLEAR,1,0,0,0,0,TREND_REVERSAL_UNCONFIRMED,0,0.45,NONE,1,0,0,0
BNBUSDT,1785276000000,2026-07-28T22:00:00.000Z,BEAR,LONG,0,7.875,IGNORE,0,WATCH,,0,0,0,NA,NA,NA,NA,NA,WARNING_SOFT,1,0,0,0,0,TREND_REVERSAL_UNCONFIRMED,0,0.45,LONG,1,0,0,0
BNBUSDT,1785279600000,2026-07-28T23:00:00.000Z,NEUTRAL,NONE,0,7.875,IGNORE,0,WATCH,,0,0,0,NA,NA,NA,NA,NA,WARNING_SOFT,1,0,0,0,0,TREND_REVERSAL_UNCONFIRMED,0,0.45,NONE,1,0,0,0
BNBUSDT,1785283200000,2026-07-29T00:00:00.000Z,NEUTRAL,NONE,0,7.875,IGNORE,0,WATCH,,0,0,0,NA,NA,NA,NA,NA,CLEAR,1,0,0,0,0,TREND_REVERSAL_UNCONFIRMED,0,0.45,NONE,1,0,0,0
BNBUSDT,1785286800000,2026-07-29T01:00:00.000Z,NEUTRAL,NONE,0,7.875,IGNORE,0,WATCH,,0,0,0,NA,NA,NA,NA,NA,WARNING_SOFT,1,0,0,0,0,TREND_REVERSAL_UNCONFIRMED,0,0.45,NONE,1,0,0,0
BNBUSDT,1785290400000,2026-07-29T02:00:00.000Z,BULL,SHORT,17.5,12.909375,IGNORE,0,WATCH,,0,0,0,NA,NA,NA,NA,NA,CLEAR,1,0,0,0,0,TREND_REVERSAL_UNCONFIRMED,1,0.45,SHORT,1,0,0,0
BNBUSDT,1785294000000,2026-07-29T03:00:00.000Z,BEAR,LONG,17.5,12.909375,IGNORE,0,WATCH,,0,0,0,NA,NA,NA,NA,NA,CLEAR,1,0,0,0,0,TREND_REVERSAL_UNCONFIRMED,1,0.45,LONG,1,0,0,0
BNBUSDT,1785297600000,2026-07-29T04:00:00.000Z,BEAR,LONG,17.5,12.909375,IGNORE,0,WATCH,,0,0,0,NA,NA,NA,NA,NA,WARNING_HARD,1,0,0,0,0,TREND_REVERSAL_UNCONFIRMED,1,0.45,LONG,1,0,0,0
BNBUSDT,1785301200000,2026-07-29T05:00:00.000Z,NEUTRAL,NONE,0,7.875,IGNORE,0,WATCH,,0,0,0,NA,NA,NA,NA,NA,WARNING_SOFT,1,0,0,0,0,TREND_REVERSAL_UNCONFIRMED,0,0.45,NONE,1,0,0,0
BNBUSDT,1785304800000,2026-07-29T06:00:00.000Z,NEUTRAL,NONE,0,7.875,IGNORE,0,WATCH,,0,0,0,NA,NA,NA,NA,NA,CLEAR,1,0,0,0,0,TREND_REVERSAL_UNCONFIRMED,0,0.45,NONE,1,0,0,0
BNBUSDT,1785308400000,2026-07-29T07:00:00.000Z,BULL,SHORT,17.5,12.909375,IGNORE,0,WATCH,,0,0,0,NA,NA,NA,NA,NA,CLEAR,1,0,0,0,0,TREND_REVERSAL_UNCONFIRMED,1,0.45,SHORT,1,0,0,0
BNBUSDT,1785312000000,2026-07-29T08:00:00.000Z,BULL,SHORT,17.5,12.909375,IGNORE,0,WATCH,,0,0,0,NA,NA,NA,NA,NA,CLEAR,1,0,0,0,0,TREND_REVERSAL_UNCONFIRMED,1,0.45,SHORT,1,0,0,0
BNBUSDT,1785315600000,2026-07-29T09:00:00.000Z,BULL,SHORT,17.5,12.909375,IGNORE,0,WATCH,,0,0,0,NA,NA,NA,NA,NA,CLEAR,1,0,0,0,0,TREND_REVERSAL_UNCONFIRMED,1,0.45,SHORT,1,0,0,0
BNBUSDT,1785319200000,2026-07-29T10:00:00.000Z,BULL,SHORT,42.5,18.534375,IGNORE,0,WATCH,,0,0,0,NA,NA,NA,NA,NA,CLEAR,1,0,0,0,0,TREND_REVERSAL_UNCONFIRMED,2,0.45,SHORT,1,0,0,0
BNBUSDT,1785322800000,2026-07-29T11:00:00.000Z,BULL,SHORT,17.5,12.909375,IGNORE,0,WATCH,,0,0,0,NA,NA,NA,NA,NA,CLEAR,1,0,0,0,0,TREND_REVERSAL_UNCONFIRMED,1,0.45,SHORT,1,0,0,0
BNBUSDT,1785326400000,2026-07-29T12:00:00.000Z,NEUTRAL,NONE,0,7.875,IGNORE,0,WATCH,,0,0,0,NA,NA,NA,NA,NA,BLOCK,0,0,0,0,0,TREND_REVERSAL_UNCONFIRMED,0,0.45,NONE,1,0,0,0
BNBUSDT,1785330000000,2026-07-29T13:00:00.000Z,NEUTRAL,NONE,0,7.875,IGNORE,0,WATCH,,0,0,0,NA,NA,NA,NA,NA,WARNING_SOFT,1,0,0,0,0,TREND_REVERSAL_UNCONFIRMED,0,0.45,NONE,1,0,0,0
BNBUSDT,1785333600000,2026-07-29T14:00:00.000Z,NEUTRAL,NONE,0,7.875,IGNORE,0,WATCH,,0,0,0,NA,NA,NA,NA,NA,BLOCK,0,0,0,0,0,TREND_REVERSAL_UNCONFIRMED,0,0.45,NONE,1,0,0,0
BNBUSDT,1785337200000,2026-07-29T15:00:00.000Z,NEUTRAL,NONE,0,7.875,IGNORE,0,WATCH,,0,0,0,NA,NA,NA,NA,NA,WARNING_SOFT,1,0,0,0,0,TREND_REVERSAL_UNCONFIRMED,0,0.45,NONE,1,0,0,0
BNBUSDT,1785340800000,2026-07-29T16:00:00.000Z,BEAR,LONG,0,7.875,IGNORE,0,WATCH,,0,0,0,NA,NA,NA,NA,NA,CLEAR,1,0,0,0,0,TREND_REVERSAL_UNCONFIRMED,0,0.45,LONG,1,0,0,0
BNBUSDT,1785344400000,2026-07-29T17:00:00.000Z,BULL,SHORT,17.5,12.909375,IGNORE,0,WATCH,,0,0,0,NA,NA,NA,NA,NA,WARNING_SOFT,1,0,0,0,0,TREND_REVERSAL_UNCONFIRMED,1,0.45,SHORT,1,0,0,0
BNBUSDT,1785348000000,2026-07-29T18:00:00.000Z,BULL,SHORT,42.5,18.534375,IGNORE,0,WATCH,,0,0,0,NA,NA,NA,NA,NA,CLEAR,1,0,0,0,0,TREND_REVERSAL_UNCONFIRMED,2,0.45,SHORT,1,0,0,0
BNBUSDT,1785351600000,2026-07-29T19:00:00.000Z,NEUTRAL,NONE,0,7.875,IGNORE,0,WATCH,,0,0,0,NA,NA,NA,NA,NA,BLOCK,0,0,0,0,0,TREND_REVERSAL_UNCONFIRMED,0,0.45,NONE,1,0,0,0
BNBUSDT,1785355200000,2026-07-29T20:00:00.000Z,BEAR,LONG,33.33680993072659,17.81277378204472,IGNORE,0,WATCH,,0,0,0,NA,NA,NA,NA,NA,CLEAR,1,0,0,0,0,TREND_REVERSAL_UNCONFIRMED,2,0.45,LONG,1,0,0,0
BNBUSDT,1785358800000,2026-07-29T21:00:00.000Z,BEAR,LONG,30.279012044996065,17.57197219854344,IGNORE,0,WATCH,,0,0,0,NA,NA,NA,NA,NA,CLEAR,1,0,0,0,0,TREND_REVERSAL_UNCONFIRMED,2,0.45,LONG,1,0,0,0
BNBUSDT,1785362400000,2026-07-29T22:00:00.000Z,NEUTRAL,NONE,0,7.875,IGNORE,0,WATCH,,0,0,0,NA,NA,NA,NA,NA,WARNING_HARD,1,0,0,0,0,TREND_REVERSAL_UNCONFIRMED,0,0.45,NONE,1,0,0,0
BNBUSDT,1785366000000,2026-07-29T23:00:00.000Z,BULL,SHORT,0,7.875,IGNORE,0,WATCH,,0,0,0,NA,NA,NA,NA,NA,WARNING_SOFT,1,0,0,0,0,TREND_REVERSAL_UNCONFIRMED,0,0.45,SHORT,1,0,0,0
BNBUSDT,1785369600000,2026-07-30T00:00:00.000Z,BULL,SHORT,0,7.875,IGNORE,0,WATCH,,0,0,0,NA,NA,NA,NA,NA,WARNING_SOFT,1,0,0,0,0,TREND_REVERSAL_UNCONFIRMED,0,0.45,SHORT,1,0,0,0
BNBUSDT,1785373200000,2026-07-30T01:00:00.000Z,BULL,SHORT,25,13.5,IGNORE,0,WATCH,,0,0,0,NA,NA,NA,NA,NA,CLEAR,1,0,0,0,0,TREND_REVERSAL_UNCONFIRMED,1,0.45,SHORT,1,0,0,0
BNBUSDT,1785376800000,2026-07-30T02:00:00.000Z,BULL,SHORT,21.9839508261933,13.262486127562722,IGNORE,0,WATCH,,0,0,0,NA,NA,NA,NA,NA,CLEAR,1,0,0,0,0,TREND_REVERSAL_UNCONFIRMED,1,0.45,SHORT,1,0,0,0
BNBUSDT,1785380400000,2026-07-30T03:00:00.000Z,BULL,SHORT,0,7.875,IGNORE,0,WATCH,,0,0,0,NA,NA,NA,NA,NA,CLEAR,1,0,0,0,0,TREND_REVERSAL_UNCONFIRMED,0,0.45,SHORT,1,0,0,0
BNBUSDT,1785384000000,2026-07-30T04:00:00.000Z,BULL,SHORT,0,7.875,IGNORE,0,WATCH,,0,0,0,NA,NA,NA,NA,NA,WARNING_SOFT,1,0,0,0,0,TREND_REVERSAL_UNCONFIRMED,0,0.45,SHORT,1,0,0,0
BNBUSDT,1785387600000,2026-07-30T05:00:00.000Z,BULL,SHORT,0,7.875,IGNORE,0,WATCH,,0,0,0,NA,NA,NA,NA,NA,WARNING_SOFT,1,0,0,0,0,TREND_REVERSAL_UNCONFIRMED,0,0.45,SHORT,1,0,0,0
BNBUSDT,1785391200000,2026-07-30T06:00:00.000Z,BULL,SHORT,0,7.875,IGNORE,0,WATCH,,0,0,0,NA,NA,NA,NA,NA,WARNING_SOFT,1,0,0,0,0,TREND_REVERSAL_UNCONFIRMED,0,0.45,SHORT,1,0,0,0
BNBUSDT,1785394800000,2026-07-30T07:00:00.000Z,BULL,SHORT,25,13.5,IGNORE,0,WATCH,,0,0,0,NA,NA,NA,NA,NA,WARNING_HARD,1,0,0,0,0,TREND_REVERSAL_UNCONFIRMED,1,0.45,SHORT,1,0,0,0
BNBUSDT,1785398400000,2026-07-30T08:00:00.000Z,BULL,SHORT,20.25726956539372,13.126509978274754,IGNORE,0,WATCH,,0,0,0,NA,NA,NA,NA,NA,CLEAR,1,0,0,0,0,TREND_REVERSAL_UNCONFIRMED,1,0.45,SHORT,1,0,0,0
BNBUSDT,1785402000000,2026-07-30T09:00:00.000Z,BULL,SHORT,0,7.875,IGNORE,0,WATCH,,0,0,0,NA,NA,NA,NA,NA,CLEAR,1,0,0,0,0,TREND_REVERSAL_UNCONFIRMED,0,0.45,SHORT,1,0,0,0
BNBUSDT,1785405600000,2026-07-30T10:00:00.000Z,BULL,SHORT,39.93055555555556,18.33203125,IGNORE,0,WATCH,,0,0,0,NA,NA,NA,NA,NA,CLEAR,1,1,0,0,0,TREND_REVERSAL_UNCONFIRMED,2,0.45,SHORT,1,0,0,0
BNBUSDT,1785409200000,2026-07-30T11:00:00.000Z,BULL,SHORT,41.31944444444444,18.44140625,IGNORE,0,WATCH,,0,0,0,NA,NA,NA,NA,NA,CLEAR,1,1,0,0,0,TREND_REVERSAL_UNCONFIRMED,2,0.45,SHORT,1,0,0,0
BNBUSDT,1785412800000,2026-07-30T12:00:00.000Z,BULL,SHORT,40.379091198390924,18.367353431873283,IGNORE,0,WATCH,,0,0,0,NA,NA,NA,NA,NA,CLEAR,1,0,0,0,0,TREND_REVERSAL_UNCONFIRMED,2,0.45,SHORT,1,0,0,0
BNBUSDT,1785416400000,2026-07-30T13:00:00.000Z,BULL,SHORT,0,7.875,IGNORE,0,WATCH,,0,0,0,NA,NA,NA,NA,NA,CLEAR,1,0,0,0,0,TREND_REVERSAL_UNCONFIRMED,0,0.45,SHORT,1,0,0,0
BNBUSDT,1785420000000,2026-07-30T14:00:00.000Z,BULL,SHORT,0,7.875,IGNORE,0,WATCH,,0,0,0,NA,NA,NA,NA,NA,CLEAR,1,0,0,0,0,TREND_REVERSAL_UNCONFIRMED,0,0.45,SHORT,1,0,0,0
BNBUSDT,1785423600000,2026-07-30T15:00:00.000Z,BULL,SHORT,12.847222222222221,12.54296875,IGNORE,0,WATCH,,0,0,0,NA,NA,NA,NA,NA,CLEAR,1,0,0,0,0,TREND_REVERSAL_UNCONFIRMED,1,0.45,SHORT,1,0,0,0
BNBUSDT,1785427200000,2026-07-30T16:00:00.000Z,BULL,SHORT,27.928677009950384,17.386883314533595,IGNORE,0,WATCH,,0,0,0,NA,NA,NA,NA,NA,CLEAR,1,0,0,0,0,TREND_REVERSAL_UNCONFIRMED,2,0.45,SHORT,1,0,0,0
BNBUSDT,1785430800000,2026-07-30T17:00:00.000Z,BULL,SHORT,12.847222222222221,12.54296875,IGNORE,0,WATCH,,0,0,0,NA,NA,NA,NA,NA,CLEAR,1,0,0,0,0,TREND_REVERSAL_UNCONFIRMED,1,0.45,SHORT,1,0,0,0
BNBUSDT,1785434400000,2026-07-30T18:00:00.000Z,BULL,SHORT,16.319444444444443,12.81640625,IGNORE,0,WATCH,,0,0,0,NA,NA,NA,NA,NA,CLEAR,1,0,0,0,0,TREND_REVERSAL_UNCONFIRMED,1,0.45,SHORT,1,0,0,0
BNBUSDT,1785438000000,2026-07-30T19:00:00.000Z,BULL,SHORT,37.84722222222222,18.16796875,IGNORE,0,WATCH,,0,0,0,NA,NA,NA,NA,NA,CLEAR,1,0,0,0,0,TREND_REVERSAL_UNCONFIRMED,2,0.45,SHORT,1,0,0,0
BNBUSDT,1785441600000,2026-07-30T20:00:00.000Z,BULL,SHORT,0,7.875,IGNORE,0,WATCH,,0,0,0,NA,NA,NA,NA,NA,CLEAR,1,0,0,0,0,TREND_REVERSAL_UNCONFIRMED,0,0.45,SHORT,1,0,0,0
BNBUSDT,1785445200000,2026-07-30T21:00:00.000Z,BULL,SHORT,0,7.875,IGNORE,0,WATCH,,0,0,0,NA,NA,NA,NA,NA,CLEAR,1,0,0,0,0,TREND_REVERSAL_UNCONFIRMED,0,0.45,SHORT,1,0,0,0
BNBUSDT,1785448800000,2026-07-30T22:00:00.000Z,BULL,SHORT,0,7.875,IGNORE,0,WATCH,,0,0,0,NA,NA,NA,NA,NA,CLEAR,1,0,0,0,0,TREND_REVERSAL_UNCONFIRMED,0,0.45,SHORT,1,0,0,0
BNBUSDT,1785452400000,2026-07-30T23:00:00.000Z,BULL,SHORT,0,7.875,IGNORE,0,WATCH,,0,0,0,NA,NA,NA,NA,NA,CLEAR,1,0,0,0,0,TREND_REVERSAL_UNCONFIRMED,0,0.45,SHORT,1,0,0,0
BNBUSDT,1785456000000,2026-07-31T00:00:00.000Z,BULL,SHORT,0,7.875,IGNORE,0,WATCH,,0,0,0,NA,NA,NA,NA,NA,CLEAR,1,0,0,0,0,TREND_REVERSAL_UNCONFIRMED,0,0.45,SHORT,1,0,0,0
BNBUSDT,1785459600000,2026-07-31T01:00:00.000Z,BULL,SHORT,0,7.875,IGNORE,0,WATCH,,0,0,0,NA,NA,NA,NA,NA,WARNING_HARD,1,0,0,0,0,TREND_REVERSAL_UNCONFIRMED,0,0.45,SHORT,1,0,0,0
BNBUSDT,1785463200000,2026-07-31T02:00:00.000Z,BULL,SHORT,0,7.875,IGNORE,0,WATCH,,0,0,0,NA,NA,NA,NA,NA,WARNING_SOFT,1,0,0,0,0,TREND_REVERSAL_UNCONFIRMED,0,0.45,SHORT,1,0,0,0
BNBUSDT,1785466800000,2026-07-31T03:00:00.000Z,BULL,SHORT,0,7.875,IGNORE,0,WATCH,,0,0,0,NA,NA,NA,NA,NA,BLOCK,0,0,0,0,0,TREND_REVERSAL_UNCONFIRMED,0,0.45,SHORT,1,0,0,0
BNBUSDT,1785470400000,2026-07-31T04:00:00.000Z,BULL,SHORT,0,7.875,IGNORE,0,WATCH,,0,0,0,NA,NA,NA,NA,NA,WARNING_SOFT,1,0,0,0,0,TREND_REVERSAL_UNCONFIRMED,0,0.45,SHORT,1,0,0,0
BNBUSDT,1785474000000,2026-07-31T05:00:00.000Z,BULL,SHORT,0,7.875,IGNORE,0,WATCH,,0,0,0,NA,NA,NA,NA,NA,WARNING_SOFT,1,0,0,0,0,TREND_REVERSAL_UNCONFIRMED,0,0.45,SHORT,1,0,0,0
BNBUSDT,1785477600000,2026-07-31T06:00:00.000Z,BULL,SHORT,0,7.875,IGNORE,0,WATCH,,0,0,0,NA,NA,NA,NA,NA,WARNING_HARD,1,0,0,0,0,TREND_REVERSAL_UNCONFIRMED,0,0.45,SHORT,1,0,0,0
BNBUSDT,1785481200000,2026-07-31T07:00:00.000Z,BULL,SHORT,25,13.5,IGNORE,0,WATCH,,0,0,0,NA,NA,NA,NA,NA,WARNING_HARD,1,0,0,0,0,TREND_REVERSAL_UNCONFIRMED,1,0.45,SHORT,1,0,0,0
BNBUSDT,1785484800000,2026-07-31T08:00:00.000Z,BULL,SHORT,0,7.875,IGNORE,0,WATCH,,0,0,0,NA,NA,NA,NA,NA,WARNING_HARD,1,0,0,0,0,TREND_REVERSAL_UNCONFIRMED,0,0.45,SHORT,1,0,0,0
BNBUSDT,1785488400000,2026-07-31T09:00:00.000Z,BULL,SHORT,0,7.875,IGNORE,0,WATCH,,0,0,0,NA,NA,NA,NA,NA,WARNING_SOFT,1,0,0,0,0,TREND_REVERSAL_UNCONFIRMED,0,0.45,SHORT,1,0,0,0
BNBUSDT,1785492000000,2026-07-31T10:00:00.000Z,BULL,SHORT,0,7.875,IGNORE,0,WATCH,,0,0,0,NA,NA,NA,NA,NA,WARNING_SOFT,1,0,0,0,0,TREND_REVERSAL_UNCONFIRMED,0,0.45,SHORT,1,0,0,0
BNBUSDT,1785495600000,2026-07-31T11:00:00.000Z,BULL,SHORT,0,7.875,IGNORE,0,WATCH,,0,0,0,NA,NA,NA,NA,NA,WARNING_SOFT,1,0,0,0,0,TREND_REVERSAL_UNCONFIRMED,0,0.45,SHORT,1,0,0,0
BNBUSDT,1785499200000,2026-07-31T12:00:00.000Z,BULL,SHORT,19.687667091127718,13.081653783426308,IGNORE,0,WATCH,,0,0,0,NA,NA,NA,NA,NA,WARNING_SOFT,1,1,0,0,0,TREND_REVERSAL_UNCONFIRMED,1,0.45,SHORT,1,0,0,0
BNBUSDT,1785502800000,2026-07-31T13:00:00.000Z,NEUTRAL,NONE,0,7.875,IGNORE,0,WATCH,,0,0,0,NA,NA,NA,NA,NA,BLOCK,0,0,0,0,0,TREND_REVERSAL_UNCONFIRMED,0,0.45,NONE,1,0,0,0
BNBUSDT,1785506400000,2026-07-31T14:00:00.000Z,NEUTRAL,NONE,0,7.875,IGNORE,0,WATCH,,0,0,0,NA,NA,NA,NA,NA,BLOCK,0,0,0,0,0,TREND_REVERSAL_UNCONFIRMED,0,0.45,NONE,1,0,0,0
BNBUSDT,1785510000000,2026-07-31T15:00:00.000Z,NEUTRAL,NONE,0,7.875,IGNORE,0,WATCH,,0,0,0,NA,NA,NA,NA,NA,BLOCK,0,0,0,0,0,TREND_REVERSAL_UNCONFIRMED,0,0.45,NONE,1,0,0,0
BNBUSDT,1785513600000,2026-07-31T16:00:00.000Z,NEUTRAL,NONE,0,7.875,IGNORE,0,WATCH,,0,0,0,NA,NA,NA,NA,NA,WARNING_SOFT,1,0,0,0,0,TREND_REVERSAL_UNCONFIRMED,0,0.45,NONE,1,0,0,0
BNBUSDT,1785517200000,2026-07-31T17:00:00.000Z,NEUTRAL,NONE,0,7.875,IGNORE,0,WATCH,,0,0,0,NA,NA,NA,NA,NA,WARNING_SOFT,1,0,0,0,0,TREND_REVERSAL_UNCONFIRMED,0,0.45,NONE,1,0,0,0
BNBUSDT,1785520800000,2026-07-31T18:00:00.000Z,NEUTRAL,NONE,0,7.875,IGNORE,0,WATCH,,0,0,0,NA,NA,NA,NA,NA,WARNING_SOFT,1,0,0,0,0,TREND_REVERSAL_UNCONFIRMED,0,0.45,NONE,1,0,0,0
BNBUSDT,1785524400000,2026-07-31T19:00:00.000Z,NEUTRAL,NONE,0,7.875,IGNORE,0,WATCH,,0,0,0,NA,NA,NA,NA,NA,WARNING_SOFT,1,0,0,0,0,TREND_REVERSAL_UNCONFIRMED,0,0.45,NONE,1,0,0,0
BNBUSDT,1785528000000,2026-07-31T20:00:00.000Z,NEUTRAL,NONE,0,7.875,IGNORE,0,WATCH,,0,0,0,NA,NA,NA,NA,NA,WARNING_SOFT,1,0,0,0,0,TREND_REVERSAL_UNCONFIRMED,0,0.45,NONE,1,0,0,0
BNBUSDT,1785531600000,2026-07-31T21:00:00.000Z,NEUTRAL,NONE,0,7.875,IGNORE,0,WATCH,,0,0,0,NA,NA,NA,NA,NA,WARNING_SOFT,1,0,0,0,0,TREND_REVERSAL_UNCONFIRMED,0,0.45,NONE,1,0,0,0
BNBUSDT,1785535200000,2026-07-31T22:00:00.000Z,NEUTRAL,NONE,0,7.875,IGNORE,0,WATCH,,0,0,0,NA,NA,NA,NA,NA,WARNING_SOFT,1,0,0,0,0,TREND_REVERSAL_UNCONFIRMED,0,0.45,NONE,1,0,0,0
BNBUSDT,1785538800000,2026-07-31T23:00:00.000Z,NEUTRAL,NONE,0,7.875,IGNORE,0,WATCH,,0,0,0,NA,NA,NA,NA,NA,WARNING_SOFT,1,0,0,0,0,TREND_REVERSAL_UNCONFIRMED,0,0.45,NONE,1,0,0,0
BNBUSDT,1785542400000,2026-08-01T00:00:00.000Z,BULL,SHORT,17.5,12.909375,IGNORE,0,WATCH,,0,0,0,NA,NA,NA,NA,NA,WARNING_SOFT,1,0,0,0,0,TREND_REVERSAL_UNCONFIRMED,1,0.45,SHORT,1,0,0,0
BNBUSDT,1785546000000,2026-08-01T01:00:00.000Z,BULL,SHORT,17.5,12.909375,IGNORE,0,WATCH,,0,0,0,NA,NA,NA,NA,NA,WARNING_SOFT,1,0,0,0,0,TREND_REVERSAL_UNCONFIRMED,1,0.45,SHORT,1,0,0,0
BNBUSDT,1785549600000,2026-08-01T02:00:00.000Z,BULL,SHORT,42.5,18.534375,IGNORE,0,WATCH,,0,0,0,NA,NA,NA,NA,NA,WARNING_HARD,1,0,0,0,0,TREND_REVERSAL_UNCONFIRMED,2,0.45,SHORT,1,0,0,0
BNBUSDT,1785553200000,2026-08-01T03:00:00.000Z,BULL,SHORT,17.5,12.909375,IGNORE,0,WATCH,,0,0,0,NA,NA,NA,NA,NA,WARNING_HARD,1,0,0,0,0,TREND_REVERSAL_UNCONFIRMED,1,0.45,SHORT,1,0,0,0
BNBUSDT,1785556800000,2026-08-01T04:00:00.000Z,BULL,SHORT,17.5,12.909375,IGNORE,0,WATCH,,0,0,0,NA,NA,NA,NA,NA,WARNING_SOFT,1,0,0,0,0,TREND_REVERSAL_UNCONFIRMED,1,0.45,SHORT,1,0,0,0
BNBUSDT,1785560400000,2026-08-01T05:00:00.000Z,BULL,SHORT,17.5,12.909375,IGNORE,0,WATCH,,0,0,0,NA,NA,NA,NA,NA,WARNING_SOFT,1,0,0,0,0,TREND_REVERSAL_UNCONFIRMED,1,0.45,SHORT,1,0,0,0
BNBUSDT,1785564000000,2026-08-01T06:00:00.000Z,BULL,SHORT,17.5,12.909375,IGNORE,0,WATCH,,0,0,0,NA,NA,NA,NA,NA,WARNING_HARD,1,0,0,0,0,TREND_REVERSAL_UNCONFIRMED,1,0.45,SHORT,1,0,0,0
BNBUSDT,1785567600000,2026-08-01T07:00:00.000Z,BULL,SHORT,0,7.875,IGNORE,0,WATCH,,0,0,0,NA,NA,NA,NA,NA,WARNING_SOFT,1,0,0,0,0,TREND_REVERSAL_UNCONFIRMED,0,0.45,SHORT,1,0,0,0
BNBUSDT,1785571200000,2026-08-01T08:00:00.000Z,NEUTRAL,NONE,0,7.875,IGNORE,0,WATCH,,0,0,0,NA,NA,NA,NA,NA,BLOCK,0,0,1,0,0,TREND_REVERSAL_UNCONFIRMED,0,0.45,NONE,1,0,0,0
BNBUSDT,1785574800000,2026-08-01T09:00:00.000Z,NEUTRAL,NONE,0,7.875,IGNORE,0,WATCH,,0,0,0,NA,NA,NA,NA,NA,BLOCK,0,0,0,0,0,TREND_REVERSAL_UNCONFIRMED,0,0.45,NONE,1,0,0,0
BNBUSDT,1785578400000,2026-08-01T10:00:00.000Z,NEUTRAL,NONE,0,7.875,IGNORE,0,WATCH,,0,0,0,NA,NA,NA,NA,NA,BLOCK,0,0,1,0,0,TREND_REVERSAL_UNCONFIRMED,0,0.45,NONE,1,0,0,0
BNBUSDT,1785582000000,2026-08-01T11:00:00.000Z,NEUTRAL,NONE,0,7.875,IGNORE,0,WATCH,,0,0,0,NA,NA,NA,NA,NA,BLOCK,0,0,0,0,0,TREND_REVERSAL_UNCONFIRMED,0,0.45,NONE,1,0,0,0
BNBUSDT,1785585600000,2026-08-01T12:00:00.000Z,NEUTRAL,NONE,0,7.875,IGNORE,0,WATCH,,0,0,0,NA,NA,NA,NA,NA,BLOCK,0,0,0,0,0,TREND_REVERSAL_UNCONFIRMED,0,0.45,NONE,1,0,0,0
BNBUSDT,1785589200000,2026-08-01T13:00:00.000Z,BEAR,LONG,40.86843613921488,18.405889345963175,IGNORE,0,WATCH,,0,0,0,NA,NA,NA,NA,NA,CLEAR,1,0,0,0,0,TREND_REVERSAL_UNCONFIRMED,2,0.45,LONG,1,0,0,0
BNBUSDT,1785592800000,2026-08-01T14:00:00.000Z,BEAR,LONG,31.73832846354856,17.68689336650445,IGNORE,0,WATCH,,0,0,0,NA,NA,NA,NA,NA,CLEAR,1,0,0,0,0,TREND_REVERSAL_UNCONFIRMED,2,0.45,LONG,1,0,0,0
BNBUSDT,1785596400000,2026-08-01T15:00:00.000Z,BEAR,LONG,32.7264717001711,17.764709646388475,IGNORE,0,WATCH,,0,0,0,NA,NA,NA,NA,NA,CLEAR,1,0,0,0,0,TREND_REVERSAL_UNCONFIRMED,2,0.45,LONG,1,0,0,0
BNBUSDT,1785600000000,2026-08-01T16:00:00.000Z,BEAR,LONG,17.5,12.909375,IGNORE,0,WATCH,,0,0,0,NA,NA,NA,NA,NA,CLEAR,1,0,0,0,0,TREND_REVERSAL_UNCONFIRMED,1,0.45,LONG,1,0,0,0
BNBUSDT,1785603600000,2026-08-01T17:00:00.000Z,BEAR,LONG,17.5,12.909375,IGNORE,0,WATCH,,0,0,0,NA,NA,NA,NA,NA,CLEAR,1,0,0,0,0,TREND_REVERSAL_UNCONFIRMED,1,0.45,LONG,1,0,0,0
BNBUSDT,1785607200000,2026-08-01T18:00:00.000Z,BEAR,LONG,42.5,18.534375,IGNORE,0,WATCH,,0,0,0,NA,NA,NA,NA,NA,CLEAR,1,0,0,0,0,TREND_REVERSAL_UNCONFIRMED,2,0.45,LONG,1,0,0,0
BNBUSDT,1785610800000,2026-08-01T19:00:00.000Z,BEAR,LONG,17.5,12.909375,IGNORE,0,WATCH,,0,0,0,NA,NA,NA,NA,NA,CLEAR,1,0,0,0,0,TREND_REVERSAL_UNCONFIRMED,1,0.45,LONG,1,0,0,0
BNBUSDT,1785614400000,2026-08-01T20:00:00.000Z,BEAR,LONG,30.34722222222222,17.57734375,IGNORE,0,WATCH,,0,0,0,NA,NA,NA,NA,NA,CLEAR,1,0,0,0,0,TREND_REVERSAL_UNCONFIRMED,2,0.45,LONG,1,0,0,0
BNBUSDT,1785618000000,2026-08-01T21:00:00.000Z,BEAR,LONG,0,7.875,IGNORE,0,WATCH,,0,0,0,NA,NA,NA,NA,NA,CLEAR,1,0,0,0,0,TREND_REVERSAL_UNCONFIRMED,0,0.45,LONG,1,0,0,0
BNBUSDT,1785621600000,2026-08-01T22:00:00.000Z,BEAR,LONG,0,7.875,IGNORE,0,WATCH,,0,0,0,NA,NA,NA,NA,NA,CLEAR,1,0,0,0,0,TREND_REVERSAL_UNCONFIRMED,0,0.45,LONG,1,0,0,0
BNBUSDT,1785625200000,2026-08-01T23:00:00.000Z,BEAR,LONG,14.583333333333332,12.6796875,IGNORE,0,WATCH,,0,0,0,NA,NA,NA,NA,NA,CLEAR,1,0,0,0,0,TREND_REVERSAL_UNCONFIRMED,1,0.45,LONG,1,0,0,0
BNBUSDT,1785628800000,2026-08-02T00:00:00.000Z,BEAR,LONG,0,7.875,IGNORE,0,WATCH,,0,0,0,NA,NA,NA,NA,NA,CLEAR,1,0,0,0,0,TREND_REVERSAL_UNCONFIRMED,0,0.45,LONG,1,0,0,0
BNBUSDT,1785632400000,2026-08-02T01:00:00.000Z,BEAR,LONG,25,13.5,IGNORE,0,WATCH,,0,0,0,NA,NA,NA,NA,NA,CLEAR,1,0,0,0,0,TREND_REVERSAL_UNCONFIRMED,1,0.45,LONG,1,0,0,0
BNBUSDT,1785636000000,2026-08-02T02:00:00.000Z,NEUTRAL,NONE,0,7.875,IGNORE,0,WATCH,,0,0,0,NA,NA,NA,NA,NA,CLEAR,1,0,0,0,0,TREND_REVERSAL_UNCONFIRMED,0,0.45,NONE,1,0,0,0
BNBUSDT,1785639600000,2026-08-02T03:00:00.000Z,NEUTRAL,NONE,0,7.875,IGNORE,0,WATCH,,0,0,0,NA,NA,NA,NA,NA,CLEAR,1,0,0,0,0,TREND_REVERSAL_UNCONFIRMED,0,0.45,NONE,1,0,0,0
BNBUSDT,1785643200000,2026-08-02T04:00:00.000Z,NEUTRAL,NONE,0,7.875,IGNORE,0,WATCH,,0,0,0,NA,NA,NA,NA,NA,CLEAR,1,0,0,0,0,TREND_REVERSAL_UNCONFIRMED,0,0.45,NONE,1,0,0,0
BNBUSDT,1785646800000,2026-08-02T05:00:00.000Z,NEUTRAL,NONE,0,7.875,IGNORE,0,WATCH,,0,0,0,NA,NA,NA,NA,NA,CLEAR,1,0,0,0,0,TREND_REVERSAL_UNCONFIRMED,0,0.45,NONE,1,0,0,0
BNBUSDT,1785650400000,2026-08-02T06:00:00.000Z,NEUTRAL,NONE,0,7.875,IGNORE,0,WATCH,,0,0,0,NA,NA,NA,NA,NA,CLEAR,1,0,0,0,0,TREND_REVERSAL_UNCONFIRMED,0,0.45,NONE,1,0,0,0
BNBUSDT,1785654000000,2026-08-02T07:00:00.000Z,NEUTRAL,NONE,0,7.875,IGNORE,0,WATCH,,0,0,0,NA,NA,NA,NA,NA,CLEAR,1,0,0,0,0,TREND_REVERSAL_UNCONFIRMED,0,0.45,NONE,1,0,0,0
BNBUSDT,1785657600000,2026-08-02T08:00:00.000Z,NEUTRAL,NONE,0,7.875,IGNORE,0,WATCH,,0,0,0,NA,NA,NA,NA,NA,CLEAR,1,0,0,0,0,TREND_REVERSAL_UNCONFIRMED,0,0.45,NONE,1,0,0,0
BNBUSDT,1785661200000,2026-08-02T09:00:00.000Z,NEUTRAL,NONE,0,7.875,IGNORE,0,WATCH,,0,0,0,NA,NA,NA,NA,NA,CLEAR,1,0,0,0,0,TREND_REVERSAL_UNCONFIRMED,0,0.45,NONE,1,0,0,0
BNBUSDT,1785664800000,2026-08-02T10:00:00.000Z,NEUTRAL,NONE,0,7.875,IGNORE,0,WATCH,,0,0,0,NA,NA,NA,NA,NA,CLEAR,1,0,0,0,0,TREND_REVERSAL_UNCONFIRMED,0,0.45,NONE,1,0,0,0
BNBUSDT,1785668400000,2026-08-02T11:00:00.000Z,NEUTRAL,NONE,0,7.875,IGNORE,0,WATCH,,0,0,0,NA,NA,NA,NA,NA,WARNING_SOFT,1,0,0,0,0,TREND_REVERSAL_UNCONFIRMED,0,0.45,NONE,1,0,0,0
BNBUSDT,1785672000000,2026-08-02T12:00:00.000Z,BEAR,LONG,17.5,12.909375,IGNORE,0,WATCH,,0,0,0,NA,NA,NA,NA,NA,CLEAR,1,0,0,0,0,TREND_REVERSAL_UNCONFIRMED,1,0.45,LONG,1,0,0,0
BNBUSDT,1785675600000,2026-08-02T13:00:00.000Z,NEUTRAL,NONE,0,7.875,IGNORE,0,WATCH,,0,0,0,NA,NA,NA,NA,NA,WARNING_SOFT,1,0,0,0,0,TREND_REVERSAL_UNCONFIRMED,0,0.45,NONE,1,0,0,0
BNBUSDT,1785679200000,2026-08-02T14:00:00.000Z,NEUTRAL,NONE,0,7.875,IGNORE,0,WATCH,,0,0,0,NA,NA,NA,NA,NA,WARNING_SOFT,1,0,0,0,0,TREND_REVERSAL_UNCONFIRMED,0,0.45,NONE,1,0,0,0
BNBUSDT,1785682800000,2026-08-02T15:00:00.000Z,NEUTRAL,NONE,0,7.875,IGNORE,0,WATCH,,0,0,0,NA,NA,NA,NA,NA,WARNING_HARD,1,1,0,0,0,TREND_REVERSAL_UNCONFIRMED,0,0.45,NONE,1,0,0,0
BNBUSDT,1785686400000,2026-08-02T16:00:00.000Z,BULL,SHORT,57.76888264323717,60.887025748555864,WATCH,1,ACTIVE,ACTIVE,1,1,1,PASS,PASS,SKIP,SKIP,PASS,CLEAR,1,0,0,0,1,,3,0.84,SHORT,0,1,0,0
BNBUSDT,1785690000000,2026-08-02T17:00:00.000Z,BULL,SHORT,17.5,12.909375,IGNORE,0,WATCH,,0,0,0,NA,NA,NA,NA,NA,CLEAR,1,0,0,0,0,TREND_REVERSAL_UNCONFIRMED,1,0.45,SHORT,1,0,0,0
BNBUSDT,1785693600000,2026-08-02T18:00:00.000Z,BULL,SHORT,30.175346175774184,17.563808511342216,IGNORE,0,WATCH,,0,0,0,NA,NA,NA,NA,NA,CLEAR,1,0,0,0,0,TREND_REVERSAL_UNCONFIRMED,2,0.45,SHORT,1,0,0,0
BNBUSDT,1785697200000,2026-08-02T19:00:00.000Z,BULL,SHORT,30.34722222222222,17.57734375,IGNORE,0,WATCH,,0,0,0,NA,NA,NA,NA,NA,CLEAR,1,0,0,0,0,TREND_REVERSAL_UNCONFIRMED,2,0.45,SHORT,1,0,0,0
BNBUSDT,1785700800000,2026-08-02T20:00:00.000Z,BULL,SHORT,30.34722222222222,17.57734375,IGNORE,0,WATCH,,0,0,0,NA,NA,NA,NA,NA,CLEAR,1,0,0,0,0,TREND_REVERSAL_UNCONFIRMED,2,0.45,SHORT,1,0,0,0
BNBUSDT,1785704400000,2026-08-02T21:00:00.000Z,BULL,SHORT,12.847222222222221,12.54296875,IGNORE,0,WATCH,,0,0,0,NA,NA,NA,NA,NA,CLEAR,1,0,0,0,0,TREND_REVERSAL_UNCONFIRMED,1,0.45,SHORT,1,0,0,0
BNBUSDT,1785708000000,2026-08-02T22:00:00.000Z,BULL,SHORT,25,13.5,IGNORE,0,WATCH,,0,0,0,NA,NA,NA,NA,NA,CLEAR,1,0,0,0,0,TREND_REVERSAL_UNCONFIRMED,1,0.45,SHORT,1,0,0,0
BNBUSDT,1785711600000,2026-08-02T23:00:00.000Z,BULL,SHORT,0,7.875,IGNORE,0,WATCH,,0,0,0,NA,NA,NA,NA,NA,CLEAR,1,0,0,0,0,TREND_REVERSAL_UNCONFIRMED,0,0.45,SHORT,1,0,0,0
BNBUSDT,1785715200000,2026-08-03T00:00:00.000Z,NEUTRAL,NONE,0,7.875,IGNORE,0,WATCH,,0,0,0,NA,NA,NA,NA,NA,BLOCK,0,0,0,0,0,TREND_REVERSAL_UNCONFIRMED,0,0.45,NONE,1,0,0,0
BNBUSDT,1785718800000,2026-08-03T01:00:00.000Z,NEUTRAL,NONE,0,7.875,IGNORE,0,WATCH,,0,0,0,NA,NA,NA,NA,NA,WARNING_SOFT,1,0,0,0,0,TREND_REVERSAL_UNCONFIRMED,0,0.45,NONE,1,0,0,0
BNBUSDT,1785722400000,2026-08-03T02:00:00.000Z,BULL,SHORT,17.5,12.909375,IGNORE,0,WATCH,,0,0,0,NA,NA,NA,NA,NA,WARNING_SOFT,1,0,0,0,0,TREND_REVERSAL_UNCONFIRMED,1,0.45,SHORT,1,0,0,0
BNBUSDT,1785726000000,2026-08-03T03:00:00.000Z,NEUTRAL,NONE,0,7.875,IGNORE,0,WATCH,,0,0,0,NA,NA,NA,NA,NA,WARNING_SOFT,1,0,0,0,0,TREND_REVERSAL_UNCONFIRMED,0,0.45,NONE,1,0,0,0
BNBUSDT,1785729600000,2026-08-03T04:00:00.000Z,NEUTRAL,NONE,0,7.875,IGNORE,0,WATCH,,0,0,0,NA,NA,NA,NA,NA,WARNING_SOFT,1,0,0,0,0,TREND_REVERSAL_UNCONFIRMED,0,0.45,NONE,1,0,0,0
BNBUSDT,1785733200000,2026-08-03T05:00:00.000Z,NEUTRAL,NONE,0,7.875,IGNORE,0,WATCH,,0,0,0,NA,NA,NA,NA,NA,WARNING_SOFT,1,0,0,0,0,TREND_REVERSAL_UNCONFIRMED,0,0.45,NONE,1,0,0,0
BNBUSDT,1785736800000,2026-08-03T06:00:00.000Z,NEUTRAL,NONE,0,7.875,IGNORE,0,WATCH,,0,0,0,NA,NA,NA,NA,NA,WARNING_SOFT,1,0,0,0,0,TREND_REVERSAL_UNCONFIRMED,0,0.45,NONE,1,0,0,0
BNBUSDT,1785740400000,2026-08-03T07:00:00.000Z,NEUTRAL,NONE,0,7.875,IGNORE,0,WATCH,,0,0,0,NA,NA,NA,NA,NA,WARNING_SOFT,1,0,0,0,0,TREND_REVERSAL_UNCONFIRMED,0,0.45,NONE,1,0,0,0
BNBUSDT,1785744000000,2026-08-03T08:00:00.000Z,NEUTRAL,NONE,0,7.875,IGNORE,0,WATCH,,0,0,0,NA,NA,NA,NA,NA,BLOCK,0,0,0,0,0,TREND_REVERSAL_UNCONFIRMED,0,0.45,NONE,1,0,0,0
BNBUSDT,1785747600000,2026-08-03T09:00:00.000Z,BULL,SHORT,42.5,18.534375,IGNORE,0,WATCH,,0,0,0,NA,NA,NA,NA,NA,BLOCK,0,0,0,0,0,TREND_REVERSAL_UNCONFIRMED,2,0.45,SHORT,1,0,0,0
BNBUSDT,1785751200000,2026-08-03T10:00:00.000Z,BULL,SHORT,17.5,12.909375,IGNORE,0,WATCH,,0,0,0,NA,NA,NA,NA,NA,WARNING_HARD,1,0,0,0,0,TREND_REVERSAL_UNCONFIRMED,1,0.45,SHORT,1,0,0,0
BNBUSDT,1785754800000,2026-08-03T11:00:00.000Z,BULL,SHORT,17.5,12.909375,IGNORE,0,WATCH,,0,0,0,NA,NA,NA,NA,NA,WARNING_SOFT,1,0,0,0,0,TREND_REVERSAL_UNCONFIRMED,1,0.45,SHORT,1,0,0,0

# summary
stage,n,note
0_bars_dumped,167,1H bars in 7d after warmup
0b_non_neutral_trend,105,BULL|BEAR count during loop
band_lt45,166,finalConfidence < 45 | 99.40%
band_45_to_75,1,45 ≤ finalConfidence < 75 | 0.60%
band_ge75,0,finalConfidence ≥ 75 | 0.00%
decision_LONG_or_SHORT,0,engine decision LONG|SHORT | 0.00%
ge75_and_LONG_SHORT,0,≥75 AND decision LONG|SHORT | 0.00% of bars; of ≥75: n/a%
trActive,1,preContext or state ACTIVE
trendReversalConfirmed,1,decisionContext.trendReversalConfirmed
eligible,1,isEligibleForDirection
