phase,lookback_n,max_width_pct,atr_mult,retest_max_bars,retest_band_pct,tp1_rr,require_strong_breakout,max_hold_1h,n,n_decided,wr_pct,e_r_before,e_r_after,h1_er,h2_er,h1_wr,h2_wr,q1_er,q2_er,q3_er,q4_er,q1_n,q2_n,q3_n,q4_n,concentration_pos_pct,concentration_abs_pct,top_quarter,cluster_n,cluster_trade_n,pass_er,pass_wr_better,pass_wf,pass_concentration,pass_dedup,pass_all,reject_reason
combo,20,5,1,10,0.003,1.2,false,80,36,36,58.3333,0.283333,0.176419,0.286158,0.053770,63.1579,52.9412,0.265019,0.301532,0.269464,-0.137959,8,11,8,9,43.6846,37.5450,2,0,0,true,true,true,true,true,true,""
combo,20,5,1,10,0.003,1.2,false,120,36,36,58.3333,0.283333,0.176419,0.286158,0.053770,63.1579,52.9412,0.265019,0.301532,0.269464,-0.137959,8,11,8,9,43.6846,37.5450,2,0,0,true,true,true,true,true,true,""
combo,20,5,1,5,0.003,1.2,false,80,36,36,58.3333,0.283333,0.176419,0.286158,0.053770,63.1579,52.9412,0.265019,0.301532,0.269464,-0.137959,8,11,8,9,43.6846,37.5450,2,0,0,true,true,true,true,true,true,""
combo,20,5,1,5,0.003,1.2,false,120,36,36,58.3333,0.283333,0.176419,0.286158,0.053770,63.1579,52.9412,0.265019,0.301532,0.269464,-0.137959,8,11,8,9,43.6846,37.5450,2,0,0,true,true,true,true,true,true,""
combo,30,4,1,10,0.005,1.2,false,80,13,13,69.2308,0.523077,0.404514,0.782811,-0.036834,85.7143,50.0000,-0.021196,1.104414,1.002505,-0.244702,2,5,1,5,84.6349,70.8823,2,0,0,true,true,true,false,true,false,"concentration>50%_posQ"
combo,30,4,1,10,0.005,1.2,false,120,13,13,69.2308,0.523077,0.404514,0.782811,-0.036834,85.7143,50.0000,-0.021196,1.104414,1.002505,-0.244702,2,5,1,5,84.6349,70.8823,2,0,0,true,true,true,false,true,false,"concentration>50%_posQ"
combo,30,4,1,10,0.003,1.2,false,80,13,13,69.2308,0.523077,0.404514,0.782811,-0.036834,85.7143,50.0000,-0.021196,1.104414,1.002505,-0.244702,2,5,1,5,84.6349,70.8823,2,0,0,true,true,true,false,true,false,"concentration>50%_posQ"
combo,30,4,1,10,0.003,1.2,false,120,13,13,69.2308,0.523077,0.404514,0.782811,-0.036834,85.7143,50.0000,-0.021196,1.104414,1.002505,-0.244702,2,5,1,5,84.6349,70.8823,2,0,0,true,true,true,false,true,false,"concentration>50%_posQ"
combo,30,4,1,5,0.005,1.2,false,80,13,13,69.2308,0.523077,0.404514,0.782811,-0.036834,85.7143,50.0000,-0.021196,1.104414,1.002505,-0.244702,2,5,1,5,84.6349,70.8823,2,0,0,true,true,true,false,true,false,"concentration>50%_posQ"
combo,30,4,1,5,0.005,1.2,false,120,13,13,69.2308,0.523077,0.404514,0.782811,-0.036834,85.7143,50.0000,-0.021196,1.104414,1.002505,-0.244702,2,5,1,5,84.6349,70.8823,2,0,0,true,true,true,false,true,false,"concentration>50%_posQ"
combo,30,4,1,5,0.003,1.2,false,80,13,13,69.2308,0.523077,0.404514,0.782811,-0.036834,85.7143,50.0000,-0.021196,1.104414,1.002505,-0.244702,2,5,1,5,84.6349,70.8823,2,0,0,true,true,true,false,true,false,"concentration>50%_posQ"
combo,30,4,1,5,0.003,1.2,false,120,13,13,69.2308,0.523077,0.404514,0.782811,-0.036834,85.7143,50.0000,-0.021196,1.104414,1.002505,-0.244702,2,5,1,5,84.6349,70.8823,2,0,0,true,true,true,false,true,false,"concentration>50%_posQ"
combo,20,4,1,10,0.003,1.2,false,80,27,27,62.9630,0.385185,0.268335,0.145168,0.400977,57.1429,69.2308,0.189856,0.120341,1.077754,-0.022008,5,9,5,8,72.6140,70.9311,3,0,0,true,true,true,false,true,false,"concentration>50%_posQ"
combo,20,4,1,10,0.003,1.2,false,120,27,27,62.9630,0.385185,0.268335,0.145168,0.400977,57.1429,69.2308,0.189856,0.120341,1.077754,-0.022008,5,9,5,8,72.6140,70.9311,3,0,0,true,true,true,false,true,false,"concentration>50%_posQ"
combo,20,4,1,5,0.003,1.2,false,80,27,27,62.9630,0.385185,0.268335,0.145168,0.400977,57.1429,69.2308,0.189856,0.120341,1.077754,-0.022008,5,9,5,8,72.6140,70.9311,3,0,0,true,true,true,false,true,false,"concentration>50%_posQ"
combo,20,4,1,5,0.003,1.2,false,120,27,27,62.9630,0.385185,0.268335,0.145168,0.400977,57.1429,69.2308,0.189856,0.120341,1.077754,-0.022008,5,9,5,8,72.6140,70.9311,3,0,0,true,true,true,false,true,false,"concentration>50%_posQ"
combo,30,4,1,10,0.005,1.5,false,80,13,13,61.5385,0.538462,0.419898,0.682811,0.113166,71.4286,50.0000,0.128804,0.904414,1.302505,-0.124702,2,5,1,5,74.3495,67.4363,2,0,0,true,true,true,false,true,false,"concentration>50%_posQ"
combo,30,4,1,10,0.005,1.5,false,120,13,13,61.5385,0.538462,0.419898,0.682811,0.113166,71.4286,50.0000,0.128804,0.904414,1.302505,-0.124702,2,5,1,5,74.3495,67.4363,2,0,0,true,true,true,false,true,false,"concentration>50%_posQ"
combo,30,4,1,10,0.003,1.5,false,80,13,13,61.5385,0.538462,0.419898,0.682811,0.113166,71.4286,50.0000,0.128804,0.904414,1.302505,-0.124702,2,5,1,5,74.3495,67.4363,2,0,0,true,true,true,false,true,false,"concentration>50%_posQ"
combo,30,4,1,10,0.003,1.5,false,120,13,13,61.5385,0.538462,0.419898,0.682811,0.113166,71.4286,50.0000,0.128804,0.904414,1.302505,-0.124702,2,5,1,5,74.3495,67.4363,2,0,0,true,true,true,false,true,false,"concentration>50%_posQ"
combo,30,4,1,5,0.005,1.5,false,80,13,13,61.5385,0.538462,0.419898,0.682811,0.113166,71.4286,50.0000,0.128804,0.904414,1.302505,-0.124702,2,5,1,5,74.3495,67.4363,2,0,0,true,true,true,false,true,false,"concentration>50%_posQ"
combo,30,4,1,5,0.005,1.5,false,120,13,13,61.5385,0.538462,0.419898,0.682811,0.113166,71.4286,50.0000,0.128804,0.904414,1.302505,-0.124702,2,5,1,5,74.3495,67.4363,2,0,0,true,true,true,false,true,false,"concentration>50%_posQ"
combo,30,4,1,5,0.003,1.5,false,80,13,13,61.5385,0.538462,0.419898,0.682811,0.113166,71.4286,50.0000,0.128804,0.904414,1.302505,-0.124702,2,5,1,5,74.3495,67.4363,2,0,0,true,true,true,false,true,false,"concentration>50%_posQ"
combo,30,4,1,5,0.003,1.5,false,120,13,13,61.5385,0.538462,0.419898,0.682811,0.113166,71.4286,50.0000,0.128804,0.904414,1.302505,-0.124702,2,5,1,5,74.3495,67.4363,2,0,0,true,true,true,false,true,false,"concentration>50%_posQ"
combo,30,5,1,10,0.003,1.2,false,80,18,18,61.1111,0.344444,0.237988,0.612181,-0.136206,77.7778,44.4444,0.365407,0.735568,0.354406,-0.381512,3,6,3,6,67.1461,49.8020,2,0,0,true,true,false,false,true,false,"walk_forward_fail|concentration>50%_posQ"
combo,30,5,1,10,0.003,1.2,false,120,18,18,61.1111,0.344444,0.237988,0.612181,-0.136206,77.7778,44.4444,0.365407,0.735568,0.354406,-0.381512,3,6,3,6,67.1461,49.8020,2,0,0,true,true,false,false,true,false,"walk_forward_fail|concentration>50%_posQ"
combo,30,5,1,5,0.003,1.2,false,80,18,18,61.1111,0.344444,0.237988,0.612181,-0.136206,77.7778,44.4444,0.365407,0.735568,0.354406,-0.381512,3,6,3,6,67.1461,49.8020,2,0,0,true,true,false,false,true,false,"walk_forward_fail|concentration>50%_posQ"
combo,30,5,1,5,0.003,1.2,false,120,18,18,61.1111,0.344444,0.237988,0.612181,-0.136206,77.7778,44.4444,0.365407,0.735568,0.354406,-0.381512,3,6,3,6,67.1461,49.8020,2,0,0,true,true,false,false,true,false,"walk_forward_fail|concentration>50%_posQ"
combo,20,4,1,10,0.003,1.5,false,80,27,27,59.2593,0.481481,0.364632,0.138025,0.608670,50.0000,69.2308,0.369856,0.009230,1.377754,0.127992,5,9,5,8,69.9719,69.9719,3,0,0,true,true,true,false,true,false,"concentration>50%_posQ"
combo,20,4,1,10,0.003,1.5,false,120,27,27,59.2593,0.481481,0.364632,0.138025,0.608670,50.0000,69.2308,0.369856,0.009230,1.377754,0.127992,5,9,5,8,69.9719,69.9719,3,0,0,true,true,true,false,true,false,"concentration>50%_posQ"
combo,20,4,1,5,0.003,1.5,false,80,27,27,59.2593,0.481481,0.364632,0.138025,0.608670,50.0000,69.2308,0.369856,0.009230,1.377754,0.127992,5,9,5,8,69.9719,69.9719,3,0,0,true,true,true,false,true,false,"concentration>50%_posQ"
combo,20,4,1,5,0.003,1.5,false,120,27,27,59.2593,0.481481,0.364632,0.138025,0.608670,50.0000,69.2308,0.369856,0.009230,1.377754,0.127992,5,9,5,8,69.9719,69.9719,3,0,0,true,true,true,false,true,false,"concentration>50%_posQ"
combo,20,4,1,10,0.005,1.2,false,80,29,29,58.6207,0.289655,0.173477,0.065521,0.289144,53.3333,64.2857,-0.015558,0.119573,1.077754,-0.148973,6,9,5,9,83.3539,68.2206,3,0,0,true,true,true,false,true,false,"concentration>50%_posQ"
combo,20,4,1,10,0.005,1.2,false,120,29,29,58.6207,0.289655,0.173477,0.065521,0.289144,53.3333,64.2857,-0.015558,0.119573,1.077754,-0.148973,6,9,5,9,83.3539,68.2206,3,0,0,true,true,true,false,true,false,"concentration>50%_posQ"
combo,20,4,1,5,0.005,1.2,false,80,29,29,58.6207,0.289655,0.173477,0.065521,0.289144,53.3333,64.2857,-0.015558,0.119573,1.077754,-0.148973,6,9,5,9,83.3539,68.2206,3,0,0,true,true,true,false,true,false,"concentration>50%_posQ"
combo,20,4,1,5,0.005,1.2,false,120,29,29,58.6207,0.289655,0.173477,0.065521,0.289144,53.3333,64.2857,-0.015558,0.119573,1.077754,-0.148973,6,9,5,9,83.3539,68.2206,3,0,0,true,true,true,false,true,false,"concentration>50%_posQ"
combo,30,5,1,10,0.005,1.2,false,80,21,21,57.1429,0.257143,0.159531,0.510327,-0.226344,72.7273,40.0000,0.240037,0.735568,0.354406,-0.475237,5,6,3,7,66.1006,44.1188,2,0,0,true,true,false,false,true,false,"walk_forward_fail|concentration>50%_posQ"
combo,30,5,1,10,0.005,1.2,false,120,21,21,57.1429,0.257143,0.159531,0.510327,-0.226344,72.7273,40.0000,0.240037,0.735568,0.354406,-0.475237,5,6,3,7,66.1006,44.1188,2,0,0,true,true,false,false,true,false,"walk_forward_fail|concentration>50%_posQ"
combo,30,5,1,5,0.005,1.2,false,80,21,21,57.1429,0.257143,0.159531,0.510327,-0.226344,72.7273,40.0000,0.240037,0.735568,0.354406,-0.475237,5,6,3,7,66.1006,44.1188,2,0,0,true,true,false,false,true,false,"walk_forward_fail|concentration>50%_posQ"
combo,30,5,1,5,0.005,1.2,false,120,21,21,57.1429,0.257143,0.159531,0.510327,-0.226344,72.7273,40.0000,0.240037,0.735568,0.354406,-0.475237,5,6,3,7,66.1006,44.1188,2,0,0,true,true,false,false,true,false,"walk_forward_fail|concentration>50%_posQ"
combo,30,5,1,10,0.003,1.5,false,80,18,18,55.5556,0.388889,0.282432,0.567737,-0.002873,66.6667,44.4444,0.565407,0.568902,0.554406,-0.281512,3,6,3,6,50.3984,40.3385,2,0,0,true,true,true,false,true,false,"concentration>50%_posQ"
combo,30,5,1,10,0.003,1.5,false,120,18,18,55.5556,0.388889,0.282432,0.567737,-0.002873,66.6667,44.4444,0.565407,0.568902,0.554406,-0.281512,3,6,3,6,50.3984,40.3385,2,0,0,true,true,true,false,true,false,"concentration>50%_posQ"
combo,30,5,1,5,0.003,1.5,false,80,18,18,55.5556,0.388889,0.282432,0.567737,-0.002873,66.6667,44.4444,0.565407,0.568902,0.554406,-0.281512,3,6,3,6,50.3984,40.3385,2,0,0,true,true,true,false,true,false,"concentration>50%_posQ"
combo,30,5,1,5,0.003,1.5,false,120,18,18,55.5556,0.388889,0.282432,0.567737,-0.002873,66.6667,44.4444,0.565407,0.568902,0.554406,-0.281512,3,6,3,6,50.3984,40.3385,2,0,0,true,true,true,false,true,false,"concentration>50%_posQ"
ofat,20,3,1,10,0.005,1.5,false,80,18,18,55.5556,0.388889,0.261323,0.269624,0.253021,55.5556,55.5556,0.530558,0.139157,1.342371,-0.291654,3,6,3,6,62.3998,49.0893,3,0,0,true,true,true,false,true,false,"concentration>50%_posQ"
ofat,20,4,1,10,0.005,1.5,false,80,29,29,55.1724,0.379310,0.263132,0.058854,0.482001,46.6667,64.2857,0.134442,0.008462,1.377754,-0.015640,6,9,5,9,88.6406,87.0637,3,0,0,true,true,true,false,true,false,"concentration>50%_posQ"
combo,20,4,1,10,0.005,1.5,false,120,29,29,55.1724,0.379310,0.263132,0.058854,0.482001,46.6667,64.2857,0.134442,0.008462,1.377754,-0.015640,6,9,5,9,88.6406,87.0637,3,0,0,true,true,true,false,true,false,"concentration>50%_posQ"
combo,20,4,1,5,0.005,1.5,false,80,29,29,55.1724,0.379310,0.263132,0.058854,0.482001,46.6667,64.2857,0.134442,0.008462,1.377754,-0.015640,6,9,5,9,88.6406,87.0637,3,0,0,true,true,true,false,true,false,"concentration>50%_posQ"
combo,20,4,1,5,0.005,1.5,false,120,29,29,55.1724,0.379310,0.263132,0.058854,0.482001,46.6667,64.2857,0.134442,0.008462,1.377754,-0.015640,6,9,5,9,88.6406,87.0637,3,0,0,true,true,true,false,true,false,"concentration>50%_posQ"
ofat,20,5,1,10,0.005,1.2,false,80,40,40,55.0000,0.210000,0.106146,0.263526,-0.067800,61.9048,47.3684,0.222411,0.300904,0.269464,-0.313083,10,11,8,11,43.0434,30.9324,2,0,0,true,true,false,true,true,false,"walk_forward_fail"
combo,20,5,1,10,0.005,1.2,false,120,40,40,55.0000,0.210000,0.106146,0.263526,-0.067800,61.9048,47.3684,0.222411,0.300904,0.269464,-0.313083,10,11,8,11,43.0434,30.9324,2,0,0,true,true,false,true,true,false,"walk_forward_fail"
combo,20,5,1,5,0.005,1.2,false,80,40,40,55.0000,0.210000,0.106146,0.263526,-0.067800,61.9048,47.3684,0.222411,0.300904,0.269464,-0.313083,10,11,8,11,43.0434,30.9324,2,0,0,true,true,false,true,true,false,"walk_forward_fail"
combo,20,5,1,5,0.005,1.2,false,120,40,40,55.0000,0.210000,0.106146,0.263526,-0.067800,61.9048,47.3684,0.222411,0.300904,0.269464,-0.313083,10,11,8,11,43.0434,30.9324,2,0,0,true,true,false,true,true,false,"walk_forward_fail"
ofat,20,7,1,10,0.005,1.5,false,80,53,53,52.8302,0.320755,0.226519,0.117962,0.357693,48.2759,58.3333,0.006668,0.254940,0.721872,0.049541,16,13,11,13,66.1411,66.1411,3,0,0,true,true,true,false,true,false,"concentration>50%_posQ"
ofat,30,5,1,10,0.005,1.5,false,80,21,21,52.3810,0.309524,0.211912,0.501236,-0.106344,63.6364,40.0000,0.420037,0.568902,0.554406,-0.389523,5,6,3,7,47.5617,34.4668,2,0,0,true,true,false,true,true,false,"walk_forward_fail"
combo,30,5,1,10,0.005,1.5,false,120,21,21,52.3810,0.309524,0.211912,0.501236,-0.106344,63.6364,40.0000,0.420037,0.568902,0.554406,-0.389523,5,6,3,7,47.5617,34.4668,2,0,0,true,true,false,true,true,false,"walk_forward_fail"
combo,30,5,1,5,0.005,1.5,false,80,21,21,52.3810,0.309524,0.211912,0.501236,-0.106344,63.6364,40.0000,0.420037,0.568902,0.554406,-0.389523,5,6,3,7,47.5617,34.4668,2,0,0,true,true,false,true,true,false,"walk_forward_fail"
combo,30,5,1,5,0.005,1.5,false,120,21,21,52.3810,0.309524,0.211912,0.501236,-0.106344,63.6364,40.0000,0.420037,0.568902,0.554406,-0.389523,5,6,3,7,47.5617,34.4668,2,0,0,true,true,false,true,true,false,"walk_forward_fail"
ofat,20,10,1,10,0.005,1.5,false,80,62,61,50.8197,0.270492,0.179322,0.058155,0.342432,45.7143,57.6923,0.026978,0.091166,0.777534,-0.030513,18,18,12,14,82.0916,79.1180,3,0,0,true,true,true,false,true,false,"concentration>50%_posQ"
ofat,20,5,1,10,0.003,1.5,false,80,36,36,50.0000,0.250000,0.143086,0.080895,0.212593,47.3684,52.9412,-0.172481,0.265168,0.456964,-0.004625,8,11,8,9,55.6208,45.7305,3,0,0,true,true,true,false,true,false,"concentration>50%_posQ"
combo,20,5,1,10,0.003,1.5,false,120,36,36,50.0000,0.250000,0.143086,0.080895,0.212593,47.3684,52.9412,-0.172481,0.265168,0.456964,-0.004625,8,11,8,9,55.6208,45.7305,3,0,0,true,true,true,false,true,false,"concentration>50%_posQ"
combo,20,5,1,5,0.003,1.5,false,80,36,36,50.0000,0.250000,0.143086,0.080895,0.212593,47.3684,52.9412,-0.172481,0.265168,0.456964,-0.004625,8,11,8,9,55.6208,45.7305,3,0,0,true,true,true,false,true,false,"concentration>50%_posQ"
combo,20,5,1,5,0.003,1.5,false,120,36,36,50.0000,0.250000,0.143086,0.080895,0.212593,47.3684,52.9412,-0.172481,0.265168,0.456964,-0.004625,8,11,8,9,55.6208,45.7305,3,0,0,true,true,true,false,true,false,"concentration>50%_posQ"
baseline,20,5,1,10,0.005,1.5,false,80,40,40,47.5000,0.187500,0.083646,0.092098,0.074305,47.6190,47.3684,-0.097589,0.264540,0.456964,-0.203992,10,11,8,11,55.6794,37.3587,3,0,0,true,false,true,false,true,false,"wr_not_above_baseline|concentration>50%_posQ"
ofat,20,5,1,5,0.005,1.5,false,80,40,40,47.5000,0.187500,0.083646,0.092098,0.074305,47.6190,47.3684,-0.097589,0.264540,0.456964,-0.203992,10,11,8,11,55.6794,37.3587,3,0,0,true,false,true,false,true,false,"wr_not_above_baseline|concentration>50%_posQ"
ofat,20,5,1,8,0.005,1.5,false,80,40,40,47.5000,0.187500,0.083646,0.092098,0.074305,47.6190,47.3684,-0.097589,0.264540,0.456964,-0.203992,10,11,8,11,55.6794,37.3587,3,0,0,true,false,true,false,true,false,"wr_not_above_baseline|concentration>50%_posQ"
ofat,20,5,1,15,0.005,1.5,false,80,40,40,47.5000,0.187500,0.083646,0.092098,0.074305,47.6190,47.3684,-0.097589,0.264540,0.456964,-0.203992,10,11,8,11,55.6794,37.3587,3,0,0,true,false,true,false,true,false,"wr_not_above_baseline|concentration>50%_posQ"
ofat,20,5,1,20,0.005,1.5,false,80,40,40,47.5000,0.187500,0.083646,0.092098,0.074305,47.6190,47.3684,-0.097589,0.264540,0.456964,-0.203992,10,11,8,11,55.6794,37.3587,3,0,0,true,false,true,false,true,false,"wr_not_above_baseline|concentration>50%_posQ"
ofat,20,5,1,10,0.005,1.5,false,120,40,40,47.5000,0.187500,0.083646,0.092098,0.074305,47.6190,47.3684,-0.097589,0.264540,0.456964,-0.203992,10,11,8,11,55.6794,37.3587,3,0,0,true,false,true,false,true,false,"wr_not_above_baseline|concentration>50%_posQ"
combo,20,5,1,5,0.005,1.5,false,120,40,40,47.5000,0.187500,0.083646,0.092098,0.074305,47.6190,47.3684,-0.097589,0.264540,0.456964,-0.203992,10,11,8,11,55.6794,37.3587,3,0,0,true,false,true,false,true,false,"wr_not_above_baseline|concentration>50%_posQ"
ofat,20,5,1,10,0.005,1.5,false,60,40,38,47.3684,0.184211,0.077418,0.080531,0.074305,47.3684,47.3684,-0.172481,0.264540,0.456964,-0.203992,10,11,8,11,55.6794,35.8776,3,0,0,false,false,true,false,true,false,"er_below_baseline|wr_not_above_baseline|concentration>50%_posQ"
ofat,10,5,1,10,0.005,1.5,false,80,76,76,46.0526,0.151316,0.050937,-0.024102,0.143632,42.8571,50.0000,-0.441447,0.481105,0.465416,-0.142399,23,19,16,18,55.1072,34.6479,2,0,0,false,false,false,false,true,false,"er_below_baseline|wr_not_above_baseline|walk_forward_fail|concentration>50%_posQ"
ofat,20,5,2,10,0.005,1.5,false,80,40,37,45.9459,0.148649,0.078913,0.117653,0.038020,47.3684,44.4444,0.046204,0.181958,0.000898,0.061642,10,11,8,11,62.3194,62.3194,2,0,0,false,false,true,false,true,false,"er_below_baseline|wr_not_above_baseline|concentration>50%_posQ"
ofat,20,5,1,10,0.005,1.5,false,40,40,33,45.4545,0.136364,0.026160,0.006386,0.049890,44.4444,46.6667,-0.172481,0.149479,0.319093,-0.185662,10,11,8,11,59.9084,33.8761,3,0,0,false,false,true,false,true,false,"er_below_baseline|wr_not_above_baseline|concentration>50%_posQ"
ofat,15,5,1,10,0.005,1.5,false,80,51,51,45.0980,0.127451,0.027515,0.025151,0.030630,44.8276,45.4545,-0.378803,0.402176,0.496354,-0.435094,14,15,11,11,52.4918,27.9524,2,0,0,false,false,true,false,true,false,"er_below_baseline|wr_not_above_baseline|concentration>50%_posQ"
ofat,20,5,1.25,10,0.005,1.5,false,80,40,40,45.0000,0.125000,0.033234,-0.015879,0.087517,42.8571,47.3684,-0.335518,0.274701,0.470483,-0.191005,10,11,8,11,55.4686,30.7460,3,0,0,false,false,false,false,true,false,"er_below_baseline|wr_not_above_baseline|walk_forward_fail|concentration>50%_posQ"
ofat,20,5,0.75,10,0.005,1.5,false,80,40,40,45.0000,0.125000,0.004968,-0.041629,0.056470,42.8571,47.3684,-0.114093,0.024247,0.438136,-0.221106,10,11,8,11,92.9285,47.7214,3,0,0,false,false,false,false,true,false,"er_below_baseline|wr_not_above_baseline|walk_forward_fail|concentration>50%_posQ"
ofat,20,5,1,10,0.008,1.5,false,80,47,47,44.6809,0.117021,0.018787,0.101591,-0.060566,47.8261,41.6667,-0.047780,0.264540,0.404785,-0.392960,12,11,10,14,58.1773,42.2129,3,0,0,false,false,false,false,true,false,"er_below_baseline|wr_not_above_baseline|walk_forward_fail|concentration>50%_posQ"
ofat,20,5,1,10,0.01,1.5,false,80,50,49,42.8571,0.071429,-0.025394,0.053290,-0.100930,45.8333,40.0000,-0.125459,0.264540,0.404785,-0.438074,13,11,11,15,58.1773,43.3454,3,0,0,false,false,false,false,true,false,"er_below_baseline|wr_not_above_baseline|walk_forward_fail|concentration>50%_posQ"
ofat,20,5,1.5,10,0.005,1.5,false,80,40,40,42.5000,0.062500,-0.019835,-0.007183,-0.033818,42.8571,42.1053,-0.076251,0.055605,0.168247,-0.180774,10,11,8,11,68.7553,42.2310,3,0,0,false,false,false,false,true,false,"er_below_baseline|wr_not_above_baseline|walk_forward_fail|concentration>50%_posQ"
ofat,20,5,1,10,0.005,1.5,true,80,23,23,39.1304,-0.021739,-0.115485,-0.250678,0.031997,33.3333,45.4545,-0.245209,-0.256147,0.139472,-0.029417,6,6,4,7,100.0000,40.7451,3,0,0,false,false,false,false,true,false,"er_below_baseline|wr_not_above_baseline|walk_forward_fail|concentration>50%_posQ"
ofat,40,5,1,10,0.005,1.5,false,80,13,13,38.4615,-0.038462,-0.150264,-0.100045,-0.181650,40.0000,37.5000,0.128804,-0.252611,0.137987,-0.501287,2,3,4,4,68.1791,56.1267,3,0,0,false,false,false,false,true,false,"er_below_baseline|wr_not_above_baseline|walk_forward_fail|concentration>50%_posQ"
ofat,20,5,1,10,0.005,2,false,80,40,38,36.8421,0.105263,-0.001099,-0.155451,0.153253,31.5789,42.1053,-0.732937,0.264540,0.394464,-0.022174,10,11,8,11,52.0259,48.1678,3,0,0,false,false,false,false,true,false,"er_below_baseline|wr_not_above_baseline|walk_forward_fail|concentration>50%_posQ"
ofat,20,5,1,10,0.005,2.5,false,80,40,36,30.5556,0.069444,-0.038803,-0.326063,0.248456,22.2222,38.8889,-0.670437,-0.050563,0.388017,0.159645,10,11,8,11,60.7333,51.8646,3,0,0,false,false,false,false,true,false,"er_below_baseline|wr_not_above_baseline|walk_forward_fail|concentration>50%_posQ"
