symbol,entryTime,exitTime,entryIso,exitIso,side,entryPrice,exitPrice,sl,tp1,tp2,tp3,pnlPct,resultR,exitReason,decision,score,longScore,shortScore,scoreDiff,ambiguityStatus,ambiguityThreshold,groupA,groupB,groupC,primaryRR,marketMode,hourVn,l1,l2,l3,l4,l5a,l5b,l6,l7,l8,l9,l10,tradePlanValid,win
BNBUSDT,1770210000000,1770224400000,2026-02-04T13:00:00.000Z,2026-02-04T17:00:00.000Z,SHORT,755.7416809082031,716.02,779.272359,708.680325,685.149647,649.853629,5.256,1.6881,TIMEOUT,CO_THE_VAO,9.9,5.42,9.9,4.48,CLEAR,1.5,2.8125,2.5,4.5833,2,RANGING,20,2,1,1.5,0,2,0,1,1,2,1.5,2,1,1
BNBUSDT,1770228000000,1770242400000,2026-02-04T18:00:00.000Z,2026-02-04T22:00:00.000Z,SHORT,742.1990808486938,695.513697,765.541773,695.513697,672.171004,637.156966,6.2901,2,TP,CO_THE_VAO,9.58,6.04,9.58,3.54,CLEAR,1.5,3.125,3.125,3.3333,2,TRENDING,1,2,1,2,0,2,1,1,1,1,1,2,1,1
BNBUSDT,1770253200000,1770264000000,2026-02-05T01:00:00.000Z,2026-02-05T04:00:00.000Z,SHORT,720.3991102218628,691.287281,734.955025,691.287281,676.731366,654.897494,4.0411,2,TP,SETUP_NGON,12.19,5.52,12.19,6.67,CLEAR,1.5,4.375,2.8125,5,2,TRENDING,8,2,1,2,2,2,0.5,1,1,2,2,2,1,1
BNBUSDT,1770267600000,1770282000000,2026-02-05T05:00:00.000Z,2026-02-05T09:00:00.000Z,SHORT,710.8567356109619,697.94,739.839026,652.892155,623.909864,580.436429,1.8171,0.4457,TIMEOUT,CO_THE_VAO,9.38,5,9.38,4.38,CLEAR,1.5,3.125,2.5,3.75,2,RANGING,12,2,1,2,0,2,0,1,1,1.5,1,2,1,1
BNBUSDT,1770285600000,1770300000000,2026-02-05T10:00:00.000Z,2026-02-05T14:00:00.000Z,SHORT,703.1218112945556,676.39,730.350104,648.665226,621.436933,580.594494,3.8019,0.9818,TIMEOUT,CO_THE_VAO,9.58,5.73,9.58,3.85,CLEAR,1.5,2.5,2.5,4.5833,2,RANGING,17,2,1,1,0,2,0,1,1,2,1.5,2,1,1
BNBUSDT,1770307200000,1770321600000,2026-02-05T16:00:00.000Z,2026-02-05T20:00:00.000Z,SHORT,687.7795055389404,630.914955,716.211781,630.914955,602.482679,559.834266,8.2678,2,TP,VAO_TU_TIN,10.42,5.63,10.42,4.79,CLEAR,1.5,3.125,3.125,4.1667,2,RANGING,23,2,1,2,0,2,1,1,1,1,2,2,1,1
BNBUSDT,1770472800000,1770487200000,2026-02-07T14:00:00.000Z,2026-02-07T18:00:00.000Z,SHORT,642.0541082382202,652.46,658.379512,609.403301,593.077897,568.589791,-1.6207,-0.6374,TIMEOUT,VAO_TU_TIN,10,6.67,10,3.33,CLEAR,1.5,3.75,2.5,3.75,2,TRENDING,21,2,1,1,2,2,0,1,1,0.5,2,2,1,0
BNBUSDT,1770627600000,1770642000000,2026-02-09T09:00:00.000Z,2026-02-09T13:00:00.000Z,SHORT,636.6739379882813,625.29,655.890872,598.24007,579.023136,550.197735,1.788,0.5924,TIMEOUT,CO_THE_VAO,9.9,4.79,9.9,5.11,CLEAR,1.5,2.8125,2.5,4.5833,2,RANGING,16,2,1,1.5,0,2,0,1,1,2,1.5,2,1,1
BNBUSDT,1770645600000,1770656400000,2026-02-09T14:00:00.000Z,2026-02-09T17:00:00.000Z,SHORT,631.3172632217407,640.983705,640.983705,611.98438,602.317938,587.818275,-1.5312,-1,SL,SETUP_NGON,11.67,7.19,11.67,4.48,CLEAR,1.5,4.375,3.125,4.1667,2,TRENDING,21,2,2,1,2,2,1,1,1,1,2,2,1,0
BNBUSDT,1770703200000,1770717600000,2026-02-10T06:00:00.000Z,2026-02-10T10:00:00.000Z,SHORT,634.6379673957824,626.86,648.923427,606.067048,591.781589,572.001,1.2256,0.5445,TIMEOUT,VAO_TU_TIN,10.42,5.94,10.42,4.48,CLEAR,1.5,3.4375,2.8125,4.1667,2,RANGING,13,2,2,1.5,0,2,0.5,1,1,2,1,2,1,1
BNBUSDT,1770721200000,1770735600000,2026-02-10T11:00:00.000Z,2026-02-10T15:00:00.000Z,SHORT,632.0667627334594,619,645.52146,605.157368,591.702671,572.001,2.0673,0.9712,TIMEOUT,VAO_TU_TIN,10.52,5.42,10.52,5.1,CLEAR,1.5,3.4375,2.5,4.5833,2,RANGING,18,2,2,1.5,0,2,0,1,1,2,1.5,2,1,1
BNBUSDT,1770739200000,1770753600000,2026-02-10T16:00:00.000Z,2026-02-10T20:00:00.000Z,SHORT,627.1472799301148,617.56,638.857588,603.726664,592.016356,572.001,1.5287,0.8187,TIMEOUT,VAO_TU_TIN,10.73,6.56,10.73,4.17,CLEAR,1.5,3.75,2.8125,4.1667,2,TRENDING,23,2,1,1,2,2,0.5,1,1,1,2,2,1,1
BNBUSDT,1770786000000,1770800400000,2026-02-11T05:00:00.000Z,2026-02-11T09:00:00.000Z,SHORT,618.6616090774536,593.45,634.513215,586.958397,572.001,547.329382,4.0752,1.5905,TIMEOUT,CO_THE_VAO,9.79,3.75,9.79,6.04,CLEAR,1.5,3.125,2.5,4.1667,2,RANGING,12,2,1,2,0,2,0,1,1,2,1,2,1,1
BNBUSDT,1770804000000,1770818400000,2026-02-11T10:00:00.000Z,2026-02-11T14:00:00.000Z,SHORT,608.6637913703919,597.35,619.874483,586.242408,575.031716,558.215679,1.8588,1.0092,TIMEOUT,VAO_TU_TIN,10.83,4.79,10.83,6.04,CLEAR,1.5,3.125,3.125,4.5833,2,TRENDING,17,2,1,2,0,2,1,1,1,2,1.5,2,1,1
BNBUSDT,1770991200000,1770994800000,2026-02-13T14:00:00.000Z,2026-02-13T15:00:00.000Z,SHORT,602.2103335380555,615.273234,615.273234,576.084533,563.021632,543.427281,-2.1692,-1,SL,VAO_TU_TIN,11.04,9.38,11.04,1.66,CLEAR,1.5,3.75,3.125,4.1667,2,RANGING,21,2,2,1,1,2,1,1,1,1,2,2,1,0
BNBUSDT,1771077600000,1771092000000,2026-02-14T14:00:00.000Z,2026-02-14T18:00:00.000Z,LONG,624.648820590973,631.99,610.708083,653.129,666.471033,687.38214,1.1752,0.5266,TIMEOUT,CO_THE_VAO,9.9,9.9,5.52,4.38,CLEAR,1.5,2.7083,2.1875,5,2.04,RANGING,21,1.3333333333333333,1,2,0,1,0.5,1,1,2,2,2,1,1
BNBUSDT,1771128000000,1771142400000,2026-02-15T04:00:00.000Z,2026-02-15T08:00:00.000Z,LONG,631.6101175308228,631.6,621.014181,653.129,663.397927,679.291832,-0.0016,-0.001,TIMEOUT,VAO_TU_TIN,10.63,10.63,6.46,4.17,CLEAR,1.5,3.125,2.5,5,2.03,RANGING,11,2,2,1,0,1,1,1,1,2,2,2,1,0
BNBUSDT,1771156800000,1771171200000,2026-02-15T12:00:00.000Z,2026-02-15T16:00:00.000Z,SHORT,629.5055961608887,619.79,641.484016,605.548756,592.301,575.602707,1.5434,0.8111,TIMEOUT,VAO_TU_TIN,10.52,6.25,10.52,4.27,CLEAR,1.5,2.8125,3.125,4.5833,2,RANGING,19,2,1,1.5,0,2,1,1,1,2,1.5,2,1,1
BNBUSDT,1771174800000,1771189200000,2026-02-15T17:00:00.000Z,2026-02-15T21:00:00.000Z,SHORT,624.723857498169,615.74,637.650865,598.869842,587.031,566.552324,1.4381,0.695,TIMEOUT,CO_THE_VAO,9.79,5.63,9.79,4.16,CLEAR,1.5,2.5,3.125,4.1667,2,TRENDING,0,2,1,1,0,2,1,1,1,2,1,2,1,1
BNBUSDT,1771203600000,1771232400000,2026-02-16T01:00:00.000Z,2026-02-16T09:00:00.000Z,SHORT,618.7044439315796,618.43,627.165624,601.782084,592.301,580.629134,0.0444,0.0324,TIMEOUT,SETUP_NGON,11.88,6.46,11.88,5.42,CLEAR,1.5,4.375,2.5,5,2,RANGING,8,2,2,2,1,2,0,1,1,2,2,2,1,1
BNBUSDT,1771236000000,1771246800000,2026-02-16T10:00:00.000Z,2026-02-16T13:00:00.000Z,SHORT,617.3527260303497,630.161071,630.161071,591.736036,578.927691,559.715174,-2.0747,-1,SL,CO_THE_VAO,9.79,6.35,9.79,3.44,CLEAR,1.5,2.7083,2.5,4.5833,2,RANGING,17,1.3333333333333333,2,1,0,2,0,1,1,2,1.5,2,1,0
BNBUSDT,1771318800000,1771333200000,2026-02-17T09:00:00.000Z,2026-02-17T13:00:00.000Z,SHORT,619.0529528617859,623.91,629.783691,597.591477,587.031,570.764631,-0.7846,-0.4526,TIMEOUT,VAO_TU_TIN,10.42,7.6,10.42,2.82,CLEAR,1.5,3.75,2.5,4.1667,2,RANGING,16,1.5,2,1.5,1,2,0,1,1,1.5,1.5,2,1,0
BNBUSDT,1771336800000,1771365600000,2026-02-17T14:00:00.000Z,2026-02-17T22:00:00.000Z,SHORT,619.3445417404175,617.85,628.709394,600.614837,592.301,577.202707,0.2413,0.1596,TIMEOUT,SETUP_NGON,11.56,5.83,11.56,5.73,CLEAR,1.5,3.4375,3.125,5,2,RANGING,21,1.5,2,2,0,2,1,1,1,2,2,2,1,1
BNBUSDT,1771419600000,1771448400000,2026-02-18T13:00:00.000Z,2026-02-18T21:00:00.000Z,SHORT,616.6838633537293,603.91,627.216298,595.618994,587.031,569.287907,2.0714,1.2128,TIMEOUT,VAO_TU_TIN,11.46,5.42,11.46,6.04,CLEAR,1.5,3.75,3.125,4.5833,2,RANGING,20,2,2,2,0,2,1,1,1,2,1.5,2,1,1
BNBUSDT,1771462800000,1771491600000,2026-02-19T01:00:00.000Z,2026-02-19T09:00:00.000Z,SHORT,609.2741914749146,606.1,615.970076,595.882422,587.031,579.142711,0.521,0.4741,TIMEOUT,SETUP_NGON,11.67,6.98,11.67,4.69,CLEAR,1.5,5,2.5,4.1667,2,TRENDING,8,2,2,2,2,2,0,1,1,1,2,2,1,1
BNBUSDT,1771495200000,1771509600000,2026-02-19T10:00:00.000Z,2026-02-19T14:00:00.000Z,SHORT,607.9737319946289,601.9,617.87291,588.175376,578.276198,563.427431,0.999,0.6136,TIMEOUT,VAO_TU_TIN,10.42,6.67,10.42,3.75,CLEAR,1.5,3.75,2.5,4.1667,2,RANGING,17,2,2,1,1,2,0,1,1,1.5,1.5,2,1,1
BNBUSDT,1771513200000,1771542000000,2026-02-19T15:00:00.000Z,2026-02-19T23:00:00.000Z,SHORT,604.982860660553,607.56,616.196906,582.55477,571.340725,554.519657,-0.426,-0.2298,TIMEOUT,VAO_TU_TIN,11.46,5.83,11.46,5.63,CLEAR,1.5,3.75,3.125,4.5833,2,RANGING,22,2,2,2,0,2,1,1,1,1.5,2,2,1,0
BNBUSDT,1771599600000,1771614000000,2026-02-20T15:00:00.000Z,2026-02-20T19:00:00.000Z,LONG,610.3775799751281,626.39,599.95412,631.999,642.699,657.28315,2.6234,1.5362,TIMEOUT,VAO_TU_TIN,10.63,10.63,5.83,4.8,CLEAR,1.5,3.125,2.5,5,2.07,RANGING,22,1,2,2,0,1,1,1,1,2,2,2,1,1
BNBUSDT,1771682400000,1771696800000,2026-02-21T14:00:00.000Z,2026-02-21T18:00:00.000Z,LONG,627.7443895339966,628.86,620.733046,642.699,648.77842,659.295435,0.1777,0.1591,TIMEOUT,VAO_TU_TIN,10.63,10.63,5.83,4.8,CLEAR,1.5,3.125,2.5,5,2.13,RANGING,21,2,1,2,0,1,1,1,1,2,2,2,1,1
BNBUSDT,1771808400000,1771812000000,2026-02-23T01:00:00.000Z,2026-02-23T02:00:00.000Z,SHORT,612.5337069511413,595.053641,621.27374,595.053641,586.313608,573.203558,2.8537,2,TP,VAO_TU_TIN,11.25,5.21,11.25,6.04,CLEAR,1.5,3.125,3.125,5,2,TRENDING,8,2,1,2,0,2,1,1,1,2,2,2,1,1
BNBUSDT,1771815600000,1771819200000,2026-02-23T03:00:00.000Z,2026-02-23T04:00:00.000Z,SHORT,607.9879538536072,590.403936,616.779963,590.403936,582.771,568.423913,2.8922,2,TP,VAO_TU_TIN,10.52,4.9,10.52,5.62,CLEAR,1.5,3.125,2.8125,4.5833,2,TRENDING,10,2,1,2,0,2,0.5,1,1,1.5,2,2,1,1
BNBUSDT,1771822800000,1771837200000,2026-02-23T05:00:00.000Z,2026-02-23T09:00:00.000Z,SHORT,604.5661129951477,609.12,613.764309,586.169721,576.971525,563.174231,-0.7532,-0.4951,TIMEOUT,VAO_TU_TIN,10.52,5.1,10.52,5.42,CLEAR,1.5,4.375,2.8125,3.3333,2,TRENDING,12,2,1,2,2,2,0.5,1,1,1,1,2,1,0
BNBUSDT,1771840800000,1771855200000,2026-02-23T10:00:00.000Z,2026-02-23T14:00:00.000Z,SHORT,610.1337777614593,608.57,621.763621,586.874091,575.244248,557.799483,0.2563,0.1345,TIMEOUT,VAO_TU_TIN,10.63,6.35,10.63,4.28,CLEAR,1.5,3.9583,2.5,4.1667,2,RANGING,17,1.3333333333333333,2,1,2,2,0,1,1,1.5,1.5,2,1,1
BNBUSDT,1771862400000,1771891200000,2026-02-23T16:00:00.000Z,2026-02-24T00:00:00.000Z,SHORT,604.5397809028625,602.27,613.246104,587.127135,578.420812,565.361327,0.3755,0.2607,TIMEOUT,SETUP_NGON,11.88,7.08,11.88,4.8,CLEAR,1.5,4.375,2.5,5,2,RANGING,23,2,2,1,2,2,0,1,1,2,2,2,1,1
BNBUSDT,1771894800000,1771923600000,2026-02-24T01:00:00.000Z,2026-02-24T09:00:00.000Z,SHORT,598.794614648819,589,608.533426,579.316992,569.578181,554.969964,1.6357,1.0057,TIMEOUT,SETUP_NGON,11.88,8.23,11.88,3.65,CLEAR,1.5,3.75,3.125,5,2,RANGING,8,2,2,1,1,2,1,1,1,2,2,2,1,1
BNBUSDT,1771930800000,1771945200000,2026-02-24T11:00:00.000Z,2026-02-24T15:00:00.000Z,SHORT,592.8276260375976,585.8,607.188735,564.105408,549.744299,528.202636,1.1854,0.4894,TIMEOUT,CO_THE_VAO,9.79,4.79,9.79,5,CLEAR,1.5,3.125,2.5,4.1667,2,RANGING,18,2,1,2,0,2,0,1,1,1.5,1.5,2,1,1
BNBUSDT,1771948800000,1771977600000,2026-02-24T16:00:00.000Z,2026-02-25T00:00:00.000Z,SHORT,588.597545671463,584.09,601.002898,563.786841,551.381489,532.77346,0.7658,0.3634,TIMEOUT,VAO_TU_TIN,11.35,7.5,11.35,3.85,CLEAR,1.5,4.375,2.8125,4.1667,2,RANGING,23,2,2,2,1,2,0.5,1,1,1,2,2,1,1
BNBUSDT,1772020800000,1772024400000,2026-02-25T12:00:00.000Z,2026-02-25T13:00:00.000Z,LONG,597.7082085609436,616.322662,588.400982,616.322662,626.879,639.590728,3.1143,2,TP,VAO_TU_TIN,10.21,10.21,5.42,4.79,CLEAR,1.5,3.125,2.5,4.5833,2,TRENDING,19,2,1,2,0,1,1,1,1,2,1.5,2,1,1
BNBUSDT,1772028000000,1772031600000,2026-02-25T14:00:00.000Z,2026-02-25T15:00:00.000Z,LONG,601.3476217269897,620.236893,591.902986,620.236893,626.879,643.848482,3.1412,2,TP,VAO_TU_TIN,10,10,5.83,4.17,CLEAR,1.5,2.5,2.5,5,2,TRENDING,21,2,0,2,0,1,1,1,1,2,2,2,1,1
BNBUSDT,1772164800000,1772179200000,2026-02-27T04:00:00.000Z,2026-02-27T08:00:00.000Z,LONG,626.7078474998474,628.57,613.846282,652.430978,665.292544,684.584892,0.2971,0.1448,TIMEOUT,CO_THE_VAO,9.27,9.27,6.77,2.5,CLEAR,1.5,3.75,2.1875,3.3333,2,RANGING,11,2,2,2,0,1,0.5,1,1,0,2,2,1,1
BNBUSDT,1772186400000,1772215200000,2026-02-27T10:00:00.000Z,2026-02-27T18:00:00.000Z,SHORT,624.7455148696899,610.2,635.307425,601.001,593.059784,576.611,2.3282,1.3772,TIMEOUT,VAO_TU_TIN,11.15,6.04,11.15,5.11,CLEAR,1.5,3.4375,3.125,4.5833,2.25,RANGING,17,2,2,1.5,0,2,1,1,1,2,1.5,2,1,1
BNBUSDT,1772258400000,1772272800000,2026-02-28T06:00:00.000Z,2026-02-28T10:00:00.000Z,SHORT,611.4773980140686,594.22,625.810926,582.771,568.476814,546.976522,2.8222,1.204,TIMEOUT,CO_THE_VAO,9.79,5,9.79,4.79,CLEAR,1.5,2.5,3.125,4.1667,2,RANGING,13,2,0,2,0,2,1,1,1,2,1,2,1,1
BNBUSDT,1772276400000,1772305200000,2026-02-28T11:00:00.000Z,2026-02-28T19:00:00.000Z,SHORT,603.9485346794129,614.170329,614.170329,582.771,573.283152,557.95046,-1.6925,-1,SL,VAO_TU_TIN,11.35,5.73,11.35,5.62,CLEAR,1.5,4.375,2.8125,4.1667,2.07,TRENDING,18,2,1,2,2,2,0.5,1,1,1.5,1.5,2,1,0
BNBUSDT,1772463600000,1772467200000,2026-03-02T15:00:00.000Z,2026-03-02T16:00:00.000Z,LONG,625.5688974380494,650.148406,613.279143,650.148406,662.438161,680.872792,3.9291,2,TP,VAO_TU_TIN,10.63,10.63,5.21,5.42,CLEAR,1.5,3.125,2.5,5,2,TRENDING,22,2,1,2,0,1,1,1,1,2,2,2,1,1
BNBUSDT,1772546400000,1772560800000,2026-03-03T14:00:00.000Z,2026-03-03T18:00:00.000Z,SHORT,627.9614226341248,634.37,642.872507,598.139254,583.22817,560.861543,-1.0205,-0.4298,TIMEOUT,VAO_TU_TIN,10.83,7.08,10.83,3.75,CLEAR,1.5,2.7083,3.125,5,2,RANGING,21,1.3333333333333333,2,1,0,2,1,1,1,2,2,2,1,0
BNBUSDT,1772607600000,1772622000000,2026-03-04T07:00:00.000Z,2026-03-04T11:00:00.000Z,LONG,633.6752904891968,650.51,621.529261,657.967349,670.113379,688.332423,2.6567,1.386,TIMEOUT,VAO_TU_TIN,10.1,10.1,4.69,5.41,CLEAR,1.5,3.75,2.1875,4.1667,2,RANGING,14,2,2,2,0,1,0.5,1,1,2,1,2,1,1
BNBUSDT,1772625600000,1772640000000,2026-03-04T12:00:00.000Z,2026-03-04T16:00:00.000Z,LONG,641.0453766822815,659.6,628.004295,667.12754,680.168622,699.730244,2.8944,1.4228,TIMEOUT,CO_THE_VAO,9.48,9.48,4.48,5,CLEAR,1.5,3.125,2.1875,4.1667,2,TRENDING,19,2,1,2,0,1,0.5,1,1,1.5,1.5,2,1,1
BNBUSDT,1772672400000,1772701200000,2026-03-05T01:00:00.000Z,2026-03-05T09:00:00.000Z,LONG,654.8315855026245,656.09,642.556534,679.381689,691.65674,710.069317,0.1922,0.1025,TIMEOUT,VAO_TU_TIN,11.46,11.46,7.4,4.06,CLEAR,1.5,4.375,2.5,4.5833,2,RANGING,8,2,2,1,2,2,0,1,1,1.5,2,2,1,1
BNBUSDT,1772712000000,1772726400000,2026-03-05T12:00:00.000Z,2026-03-05T16:00:00.000Z,LONG,656.5783554077149,652.72,644.635208,680.46465,692.407798,710.322519,-0.5876,-0.3231,TIMEOUT,VAO_TU_TIN,10.73,10.73,6.35,4.38,CLEAR,1.5,3.75,2.8125,4.1667,2,RANGING,19,2,2,1,1,2,0.5,1,1,1.5,1.5,2,1,0
BNBUSDT,1772769600000,1772784000000,2026-03-06T04:00:00.000Z,2026-03-06T08:00:00.000Z,SHORT,649.5035259246827,644.42,661.013935,626.482708,614.431,597.706685,0.7827,0.4416,TIMEOUT,VAO_TU_TIN,10.52,6.15,10.52,4.37,CLEAR,1.5,3.3333,2.1875,5,2,RANGING,11,1.3333333333333333,2,2,0,1,0.5,1,1,2,2,2,1,1
BNBUSDT,1772787600000,1772802000000,2026-03-06T09:00:00.000Z,2026-03-06T13:00:00.000Z,SHORT,647.0663511276246,633.38,657.762819,625.673415,614.431,598.932246,2.1151,1.2795,TIMEOUT,VAO_TU_TIN,10.42,5.42,10.42,5,CLEAR,1.5,3.3333,2.5,4.5833,2,RANGING,16,1.3333333333333333,2,2,0,1,1,1,1,2,1.5,2,1,1
BNBUSDT,1772870400000,1772884800000,2026-03-07T08:00:00.000Z,2026-03-07T12:00:00.000Z,SHORT,628.6457252979278,626.71,636.010406,611.131,606.551683,595.504662,0.3079,0.2628,TIMEOUT,VAO_TU_TIN,10.42,6.98,10.42,3.44,CLEAR,1.5,3.75,2.5,4.1667,2.38,RANGING,15,2,2,1,1,2,0,1,1,1.5,1.5,2,1,1
BNBUSDT,1772888400000,1772902800000,2026-03-07T13:00:00.000Z,2026-03-07T17:00:00.000Z,SHORT,628.261694574356,623.52,636.56697,611.131,603.345868,588.391,0.7547,0.5709,TIMEOUT,CO_THE_VAO,9.79,6.04,9.79,3.75,CLEAR,1.5,3.125,2.5,4.1667,2.06,RANGING,20,2,2,1,0,2,0,1,1,1.5,1.5,2,1,1
BNBUSDT,1772974800000,1772989200000,2026-03-08T13:00:00.000Z,2026-03-08T17:00:00.000Z,SHORT,619.5354818344116,612.99,627.324686,603.957074,596.167869,584.484063,1.0565,0.8403,TIMEOUT,VAO_TU_TIN,10.83,6.04,10.83,4.79,CLEAR,1.5,3.125,3.125,4.5833,2,RANGING,20,2,2,1,0,2,1,1,1,2,1.5,2,1,1
BNBUSDT,1772992800000,1773007200000,2026-03-08T18:00:00.000Z,2026-03-08T22:00:00.000Z,SHORT,617.2257465362549,614.48,626.485318,598.706604,589.447032,575.557675,0.4449,0.2965,TIMEOUT,CO_THE_VAO,9.79,5,9.79,4.79,CLEAR,1.5,3.125,2.5,4.1667,2,RANGING,1,2,1,2,0,2,0,1,1,2,1,2,1,1
BNBUSDT,1773018000000,1773025200000,2026-03-09T01:00:00.000Z,2026-03-09T03:00:00.000Z,SHORT,615.3037368297577,624.842609,624.842609,596.225992,586.68712,572.378812,-1.5503,-1,SL,VAO_TU_TIN,10.63,6.77,10.63,3.86,CLEAR,1.5,3.125,2.5,5,2,RANGING,8,2,2,1,0,2,0,1,1,2,2,2,1,0
BNBUSDT,1773039600000,1773054000000,2026-03-09T07:00:00.000Z,2026-03-09T11:00:00.000Z,SHORT,620.3859498977661,627.42,634.771863,591.614124,577.228211,555.649341,-1.1338,-0.489,TIMEOUT,CO_THE_VAO,9.17,7.29,9.17,1.88,CLEAR,1.5,3.3333,2.5,3.3333,2,RANGING,14,1.3333333333333333,2,1,1,2,0,1,1,1,1,2,1,0
BNBUSDT,1773108000000,1773122400000,2026-03-10T02:00:00.000Z,2026-03-10T06:00:00.000Z,LONG,635.6738671302795,643.97,624.312903,658.395795,666.429,686.798206,1.3051,0.7302,TIMEOUT,VAO_TU_TIN,10.31,10.31,5.52,4.79,CLEAR,1.5,3.125,2.1875,5,2,RANGING,9,2,1,2,0,1,0.5,1,1,2,2,2,1,1
BNBUSDT,1773147600000,1773162000000,2026-03-10T13:00:00.000Z,2026-03-10T17:00:00.000Z,SHORT,642.039174747467,646.55,654.513406,617.090712,604.616481,585.905134,-0.7026,-0.3616,TIMEOUT,CO_THE_VAO,9.27,10,9.27,0.73,CLEAR,1.5,2.8125,3.125,3.3333,2,RANGING,20,0,1,1.5,2,2,1,1,1,0.5,1.5,2,1,0
BNBUSDT,1773194400000,1773208800000,2026-03-11T02:00:00.000Z,2026-03-11T06:00:00.000Z,SHORT,641.638581609726,642.75,649.983608,624.511,616.603502,604.085963,-0.1732,-0.1332,TIMEOUT,VAO_TU_TIN,10,7.08,10,2.92,CLEAR,1.5,2.5,2.5,5,2.05,RANGING,9,1,2,1,0,2,0,1,1,2,2,2,1,0
BNBUSDT,1773216000000,1773230400000,2026-03-11T08:00:00.000Z,2026-03-11T12:00:00.000Z,SHORT,640.8604273319245,641.59,653.289339,616.002604,603.573692,584.930325,-0.1138,-0.0587,TIMEOUT,CO_THE_VAO,9.79,7.92,9.79,1.87,CLEAR,1.5,3.125,2.5,4.1667,2,RANGING,15,1,2,1,1,2,0,1,1,1.5,1.5,2,1,0
BNBUSDT,1773248400000,1773262800000,2026-03-11T17:00:00.000Z,2026-03-11T21:00:00.000Z,LONG,645.4837009429932,654.32,629.983936,676.483231,691.982996,715.232643,1.3689,0.5701,TIMEOUT,CO_THE_VAO,9.58,9.58,6.25,3.33,CLEAR,1.5,3.75,2.5,3.3333,2,RANGING,0,2,2,2,0,1,1,1,1,1,1,2,1,1
BNBUSDT,1773291600000,1773306000000,2026-03-12T05:00:00.000Z,2026-03-12T09:00:00.000Z,SHORT,643.5643707180024,649.95,655.257639,620.177834,608.484566,590.944663,-0.9922,-0.5461,TIMEOUT,CO_THE_VAO,9.06,7.71,9.06,1.35,CLEAR,1.5,2.8125,2.5,3.75,2,RANGING,12,1,1,1.5,1,2,0,1,1,1.5,1,2,1,0
BNBUSDT,1773316800000,1773331200000,2026-03-12T12:00:00.000Z,2026-03-12T16:00:00.000Z,LONG,649.4262464523315,651.7,637.949208,672.380323,683.857362,701.072919,0.3501,0.1981,TIMEOUT,CO_THE_VAO,9.79,9.79,5.42,4.37,CLEAR,1.5,3.125,2.5,4.1667,2,RANGING,19,2,1,2,0,1,1,1,1,1.5,1.5,2,1,1
BNBUSDT,1773385200000,1773399600000,2026-03-13T07:00:00.000Z,2026-03-13T11:00:00.000Z,LONG,656.8830412864685,666.76,644.798291,681.052542,693.137292,711.264418,1.5036,0.8173,TIMEOUT,CO_THE_VAO,9.48,9.48,4.69,4.79,CLEAR,1.5,3.125,2.1875,4.1667,2,RANGING,14,2,1,2,0,1,0.5,1,1,2,1,2,1,1
BNBUSDT,1773403200000,1773417600000,2026-03-13T12:00:00.000Z,2026-03-13T16:00:00.000Z,LONG,661.5548311233521,662.07,651.412835,681.838823,691.980819,707.193814,0.0779,0.0508,TIMEOUT,CO_THE_VAO,9.58,9.58,5.42,4.16,CLEAR,1.5,2.5,2.5,4.5833,2,TRENDING,19,2,0,2,0,1,1,1,1,2,1.5,2,1,1
BNBUSDT,1773450000000,1773464400000,2026-03-14T01:00:00.000Z,2026-03-14T05:00:00.000Z,SHORT,655.2381801700592,655.61,668.271529,629.171483,616.138134,596.58811,-0.0567,-0.0285,TIMEOUT,CO_THE_VAO,9.58,7.08,9.58,2.5,CLEAR,1.5,2.5,2.5,4.5833,2,RANGING,8,1,1,2,0,2,0,1,1,1.5,2,2,1,0
BNBUSDT,1773540000000,1773554400000,2026-03-15T02:00:00.000Z,2026-03-15T06:00:00.000Z,LONG,655.74972281456,658.5,649.727747,667.793674,673.81565,679.589,0.4194,0.4567,TIMEOUT,VAO_TU_TIN,10.63,10.63,6.46,4.17,CLEAR,1.5,3.125,2.5,5,2,RANGING,9,2,2,1,0,1,1,1,1,2,2,2,1,1
BNBUSDT,1773561600000,1773576000000,2026-03-15T08:00:00.000Z,2026-03-15T12:00:00.000Z,LONG,658.0620555400849,661.97,652.781726,668.622715,673.903044,679.589,0.5939,0.7401,TIMEOUT,VAO_TU_TIN,10.21,10.21,6.04,4.17,CLEAR,1.5,2.5,3.125,4.5833,2,RANGING,15,2,1,1,0,2,1,1,1,2,1.5,2,1,1
BNBUSDT,1773622800000,1773633600000,2026-03-16T01:00:00.000Z,2026-03-16T04:00:00.000Z,LONG,666.2698885917664,686.842326,655.98367,686.842326,697.128544,712.557872,3.0877,2,TP,VAO_TU_TIN,10.63,10.63,4.58,6.05,CLEAR,1.5,3.125,2.5,5,2,RANGING,8,2,1,2,0,2,0,1,1,2,2,2,1,1
BNBUSDT,1773637200000,1773651600000,2026-03-16T05:00:00.000Z,2026-03-16T09:00:00.000Z,LONG,671.7098963737487,676.78,659.444387,696.240915,708.506424,726.904689,0.7548,0.4134,TIMEOUT,CO_THE_VAO,9.79,9.79,3.75,6.04,CLEAR,1.5,3.125,2.5,4.1667,2,TRENDING,12,2,1,2,0,2,0,1,1,2,1,2,1,1
BNBUSDT,1773655200000,1773669600000,2026-03-16T10:00:00.000Z,2026-03-16T14:00:00.000Z,LONG,674.543461894989,674.68,660.089278,703.45183,717.906014,739.587289,0.0202,0.0094,TIMEOUT,CO_THE_VAO,9.58,9.58,6.35,3.23,CLEAR,1.5,2.5,2.5,4.5833,2,RANGING,17,2,1,1,0,2,0,1,1,2,1.5,2,1,1
BNBUSDT,1773680400000,1773694800000,2026-03-16T17:00:00.000Z,2026-03-16T21:00:00.000Z,LONG,676.6851655960083,679.64,661.544414,706.966669,722.10742,744.818548,0.4367,0.1952,TIMEOUT,CO_THE_VAO,9.79,9.79,6.25,3.54,CLEAR,1.5,3.125,2.5,4.1667,2,RANGING,0,2,1,1,1,2,0,1,1,2,1,2,1,1
BNBUSDT,1773709200000,1773738000000,2026-03-17T01:00:00.000Z,2026-03-17T09:00:00.000Z,LONG,679.1505681037903,672.8,670.055171,697.341362,706.436759,720.079855,-0.9351,-0.6982,TIMEOUT,SETUP_NGON,11.56,11.56,5.52,6.04,CLEAR,1.5,3.75,2.8125,5,2,RANGING,8,2,2,2,0,2,0.5,1,1,2,2,2,1,0
BNBUSDT,1773741600000,1773756000000,2026-03-17T10:00:00.000Z,2026-03-17T14:00:00.000Z,SHORT,674.6321515083313,669.97,689.374267,645.147921,630.405805,608.292632,0.6911,0.3162,TIMEOUT,VAO_TU_TIN,10.42,6.25,10.42,4.17,CLEAR,1.5,3.3333,2.5,4.5833,2,RANGING,17,1.3333333333333333,2,2,0,1,1,1,1,2,1.5,2,1,1
BNBUSDT,1773766800000,1773781200000,2026-03-17T17:00:00.000Z,2026-03-17T21:00:00.000Z,LONG,673.7818409919739,673.37,662.658895,696.027733,707.150679,723.835098,-0.0611,-0.037,TIMEOUT,VAO_TU_TIN,10.73,10.73,6.25,4.48,CLEAR,1.5,4.0625,2.5,4.1667,2,RANGING,0,1.5,2,1,2,2,0,1,1,2,1,2,1,0
BNBUSDT,1773824400000,1773831600000,2026-03-18T09:00:00.000Z,2026-03-18T11:00:00.000Z,LONG,673.498097705841,662.093748,662.093748,696.306797,707.711147,724.817671,-1.6933,-1,SL,CO_THE_VAO,9.9,9.9,6.88,3.02,CLEAR,1.5,2.8125,2.5,4.5833,2,RANGING,16,1,2,1.5,0,2,0,1,1,2,1.5,2,1,0
BNBUSDT,1773842400000,1773846000000,2026-03-18T14:00:00.000Z,2026-03-18T15:00:00.000Z,SHORT,665.8534740447998,648.015324,674.772549,648.015324,641.691,625.717637,2.679,2,TP,VAO_TU_TIN,10,5.83,10,4.17,CLEAR,1.5,2.5,2.5,5,2,TRENDING,21,2,0,2,0,1,1,1,1,2,2,2,1,1
BNBUSDT,1774004400000,1774018800000,2026-03-20T11:00:00.000Z,2026-03-20T15:00:00.000Z,LONG,640.4930698251724,640.17,629.648263,662.182683,673.02749,689.294701,-0.0504,-0.0298,TIMEOUT,CO_THE_VAO,9.79,9.79,7.92,1.87,CLEAR,1.5,2.5,3.125,4.1667,2,RANGING,18,0,1,1,2,2,0,2,1,1.5,1.5,2,1,0
BNBUSDT,1774098000000,1774112400000,2026-03-21T13:00:00.000Z,2026-03-21T17:00:00.000Z,LONG,644.5983349561691,641.22,638.405285,656.984435,663.177485,672.46706,-0.5241,-0.5455,TIMEOUT,CO_THE_VAO,9.17,9.17,5.63,3.54,CLEAR,1.5,2.5,2.5,4.1667,2,RANGING,20,1,1,2,0,2,0,1,1,1.5,1.5,2,1,0
BNBUSDT,1774141200000,1774155600000,2026-03-22T01:00:00.000Z,2026-03-22T05:00:00.000Z,SHORT,638.3838173389435,633.39,647.717382,619.716688,610.383123,596.382776,0.7823,0.535,TIMEOUT,CO_THE_VAO,9.9,5.52,9.9,4.38,CLEAR,1.5,3.125,2.1875,4.5833,2,RANGING,8,2,1,2,0,1,0.5,1,1,1.5,2,2,1,1
BNBUSDT,1774166400000,1774180800000,2026-03-22T08:00:00.000Z,2026-03-22T12:00:00.000Z,SHORT,635.2975977420807,629.15,644.588045,616.716703,607.426256,593.490585,0.9677,0.6617,TIMEOUT,CO_THE_VAO,9.48,4.48,9.48,5,CLEAR,1.5,3.125,2.1875,4.1667,2,RANGING,15,2,1,2,0,1,0.5,1,1,1.5,1.5,2,1,1
BNBUSDT,1774245600000,1774260000000,2026-03-23T06:00:00.000Z,2026-03-23T10:00:00.000Z,SHORT,627.6652306556701,626.25,639.562926,603.86984,591.972145,574.125602,0.2255,0.1189,TIMEOUT,CO_THE_VAO,9.17,5.63,9.17,3.54,CLEAR,1.5,2.5,2.5,4.1667,2,RANGING,13,2,1,1,0,1,1,1,1,2,1,2,1,1
BNBUSDT,1774263600000,1774278000000,2026-03-23T11:00:00.000Z,2026-03-23T15:00:00.000Z,LONG,629.5361731529235,637.35,617.041223,654.526073,667.021024,686.599,1.2412,0.6254,TIMEOUT,VAO_TU_TIN,10.83,10.83,5.42,5.41,CLEAR,1.5,3.125,3.125,4.5833,2,RANGING,18,1,2,2,0,2,1,1,1,2,1.5,2,1,1
BNBUSDT,1774357200000,1774371600000,2026-03-24T13:00:00.000Z,2026-03-24T17:00:00.000Z,SHORT,634.4608221054077,628.71,647.703597,607.975272,594.732497,574.868335,0.9064,0.4343,TIMEOUT,VAO_TU_TIN,10.21,6.67,10.21,3.54,CLEAR,1.5,3.125,2.5,4.5833,2,RANGING,20,1.5,2,1.5,0,1,1,1,1,2,1.5,2,1,1
BNBUSDT,1774418400000,1774432800000,2026-03-25T06:00:00.000Z,2026-03-25T10:00:00.000Z,LONG,639.0172999382019,647.1,628.612113,659.827674,670.232861,685.840641,1.2649,0.7768,TIMEOUT,CO_THE_VAO,9.38,9.38,4.38,5,CLEAR,1.5,3.125,2.5,3.75,2,RANGING,13,2,1,2,0,2,0,1,1,1.5,1,2,1,1
BNBUSDT,1774436400000,1774450800000,2026-03-25T11:00:00.000Z,2026-03-25T15:00:00.000Z,LONG,642.5961326122284,645.79,631.853848,664.080702,676.279,690.936413,0.497,0.2973,TIMEOUT,VAO_TU_TIN,10.52,10.52,5.1,5.42,CLEAR,1.5,3.125,2.8125,4.5833,2,RANGING,18,2,1,2,0,2,0.5,1,1,2,1.5,2,1,1
BNBUSDT,1774454400000,1774483200000,2026-03-25T16:00:00.000Z,2026-03-26T00:00:00.000Z,LONG,645.0419295310974,647.34,634.839962,665.445865,676.279,690.950783,0.3563,0.2253,TIMEOUT,SETUP_NGON,11.88,11.88,6.46,5.42,CLEAR,1.5,3.75,3.125,5,2,RANGING,23,2,2,2,0,2,1,1,1,2,2,2,1,1
BNBUSDT,1774490400000,1774504800000,2026-03-26T02:00:00.000Z,2026-03-26T06:00:00.000Z,LONG,643.3130801439286,635.27,631.943451,666.052338,677.421968,694.476411,-1.2503,-0.7074,TIMEOUT,CO_THE_VAO,9.17,9.17,7.81,1.36,CLEAR,1.5,2.5,2.5,4.1667,2,RANGING,9,1,2,1,0,2,0,1,1,1,2,2,1,0
BNBUSDT,1774508400000,1774522800000,2026-03-26T07:00:00.000Z,2026-03-26T11:00:00.000Z,SHORT,641.9175618648529,629.09,651.534057,622.001,613.068076,598.643334,1.9983,1.3339,TIMEOUT,CO_THE_VAO,9.06,4.38,9.06,4.68,CLEAR,1.5,2.8125,2.5,3.75,2.07,RANGING,14,2,1,1.5,0,2,0,1,1,1.5,1,2,1,1
BNBUSDT,1774573200000,1774587600000,2026-03-27T01:00:00.000Z,2026-03-27T05:00:00.000Z,SHORT,630.3256549263001,627.64,637.764185,615.448595,608.010065,596.85227,0.4261,0.361,TIMEOUT,VAO_TU_TIN,10.63,7.19,10.63,3.44,CLEAR,1.5,3.9583,2.5,4.1667,2,RANGING,8,1.3333333333333333,2,1,2,2,0,1,1,1,2,2,1,1
BNBUSDT,1774598400000,1774605600000,2026-03-27T08:00:00.000Z,2026-03-27T10:00:00.000Z,SHORT,628.190090227127,611.971319,636.299476,611.971319,603.861933,591.697854,2.5818,2,TP,VAO_TU_TIN,10.83,4.79,10.83,6.04,CLEAR,1.5,3.125,3.125,4.5833,2,RANGING,15,2,1,2,0,2,1,1,1,2,1.5,2,1,1
BNBUSDT,1774609200000,1774623600000,2026-03-27T11:00:00.000Z,2026-03-27T15:00:00.000Z,SHORT,623.8242192268372,610.33,633.574092,604.324474,594.574601,579.949792,2.1631,1.384,TIMEOUT,VAO_TU_TIN,10,5.21,10,4.79,CLEAR,1.5,3.125,3.125,3.75,2,RANGING,18,2,1,2,0,2,1,1,1,1,1.5,2,1,1
BNBUSDT,1774627200000,1774656000000,2026-03-27T16:00:00.000Z,2026-03-28T00:00:00.000Z,SHORT,617.8532412528991,612.26,625.59448,602.370764,594.629525,583.017667,0.9053,0.7225,TIMEOUT,VAO_TU_TIN,11.46,5.21,11.46,6.25,CLEAR,1.5,4.375,2.5,4.5833,2,TRENDING,23,2,1,2,2,2,0,1,1,1.5,2,2,1,1
BNBUSDT,1774746000000,1774760400000,2026-03-29T01:00:00.000Z,2026-03-29T05:00:00.000Z,SHORT,613.3506408929825,613.34,620.524464,599.002995,591.829172,581.068437,0.0017,0.0015,TIMEOUT,CO_THE_VAO,9.58,8.13,9.58,1.45,CLEAR,1.5,3.75,2.5,3.3333,2,RANGING,8,2,2,2,0,2,0,1,1,0,2,2,1,1
BNBUSDT,1774778400000,1774792800000,2026-03-29T10:00:00.000Z,2026-03-29T14:00:00.000Z,SHORT,612.8862122535705,609.12,618.803534,601.051569,595.134247,586.258264,0.6145,0.6365,TIMEOUT,CO_THE_VAO,9.38,6.98,9.38,2.4,CLEAR,1.5,3.125,2.5,3.75,2,RANGING,17,2,2,1,0,2,0,1,1,1,1.5,2,1,1
BNBUSDT,1774796400000,1774821600000,2026-03-29T15:00:00.000Z,2026-03-29T22:00:00.000Z,SHORT,611.7111079931259,601.471828,616.830748,601.471828,596.352188,588.672728,1.6739,2,TP,VAO_TU_TIN,11.25,6.77,11.25,4.48,CLEAR,1.5,3.125,3.125,5,2,RANGING,22,2,2,1,0,2,1,1,1,2,2,2,1,1
BNBUSDT,1774857600000,1774872000000,2026-03-30T08:00:00.000Z,2026-03-30T12:00:00.000Z,LONG,614.6193902492523,619.8,604.534247,634.789677,644.87482,660.002535,0.8429,0.5137,TIMEOUT,CO_THE_VAO,9.17,9.17,4.79,4.38,CLEAR,1.5,2.5,2.5,4.1667,2,RANGING,15,1,1,2,0,1,1,1,1,1.5,1.5,2,1,1
BNBUSDT,1774875600000,1774890000000,2026-03-30T13:00:00.000Z,2026-03-30T17:00:00.000Z,LONG,617.7274906158448,613.49,608.076191,637.03009,646.681389,661.158339,-0.686,-0.4391,TIMEOUT,CO_THE_VAO,9.69,9.69,6.15,3.54,CLEAR,1.5,3.75,2.1875,3.75,2,RANGING,20,1,2,2,1,1,0.5,1,1,1,1.5,2,1,0
BNBUSDT,1774918800000,1774933200000,2026-03-31T01:00:00.000Z,2026-03-31T05:00:00.000Z,LONG,617.6615547943114,613.43,608.630153,635.724358,644.75576,658.302863,-0.6851,-0.4685,TIMEOUT,VAO_TU_TIN,10.63,10.63,8.54,2.09,CLEAR,1.5,3.125,2.5,5,2,RANGING,8,1,2,1,1,1,1,1,1,2,2,2,1,0
BNBUSDT,1774947600000,1774962000000,2026-03-31T09:00:00.000Z,2026-03-31T13:00:00.000Z,SHORT,610.7439227104187,612.27,623.002036,586.227696,573.969583,555.582413,-0.2499,-0.1245,TIMEOUT,VAO_TU_TIN,10.52,6.04,10.52,4.48,CLEAR,1.5,2.8125,3.125,4.5833,2,RANGING,16,2,1,1.5,0,2,1,1,1,2,1.5,2,1,0
BNBUSDT,1774972800000,1774987200000,2026-03-31T16:00:00.000Z,2026-03-31T20:00:00.000Z,LONG,611.1632524490357,619.42,600.207075,633.075607,644.031785,660.466051,1.351,0.7536,TIMEOUT,VAO_TU_TIN,10.63,10.63,7.29,3.34,CLEAR,1.5,3.125,2.5,5,2,RANGING,23,1,2,2,0,1,1,1,1,2,2,2,1,1
BNBUSDT,1775019600000,1775034000000,2026-04-01T05:00:00.000Z,2026-04-01T09:00:00.000Z,LONG,616.4708692598342,615.98,607.737828,633.936952,642.669993,653.179,-0.0796,-0.0562,TIMEOUT,VAO_TU_TIN,10.1,10.1,5.31,4.79,CLEAR,1.5,3.75,2.1875,4.1667,2,RANGING,12,1,2,2,1,1,0.5,1,1,2,1,2,1,0
BNBUSDT,1775037600000,1775052000000,2026-04-01T10:00:00.000Z,2026-04-01T14:00:00.000Z,LONG,615.8152108430862,614.22,605.352536,636.740561,647.203235,662.897248,-0.259,-0.1525,TIMEOUT,CO_THE_VAO,9.79,9.79,7.6,2.19,CLEAR,1.5,3.125,2.5,4.1667,2,RANGING,17,0,2,1,2,2,0,1,1,1.5,1.5,2,1,0
BNBUSDT,1775059200000,1775073600000,2026-04-01T16:00:00.000Z,2026-04-01T20:00:00.000Z,LONG,616.508197259903,613.85,607.589808,634.344976,643.263365,656.640949,-0.4312,-0.2981,TIMEOUT,VAO_TU_TIN,10.21,10.21,9.17,1.04,CLEAR,1.5,3.125,2.5,4.5833,2,RANGING,23,1,2,1,1,1,1,1,1,1.5,2,2,1,0
BNBUSDT,1775196000000,1775210400000,2026-04-03T06:00:00.000Z,2026-04-03T10:00:00.000Z,SHORT,586.3105167675018,585.97,596.572446,565.786658,555.524729,540.131835,0.0581,0.0332,TIMEOUT,CO_THE_VAO,9.17,6.67,9.17,2.5,CLEAR,1.5,3.3333,2.5,3.3333,2,RANGING,13,1.3333333333333333,2,1,1,2,0,1,1,1,1,2,1,1
BNBUSDT,1775239200000,1775253600000,2026-04-03T18:00:00.000Z,2026-04-03T22:00:00.000Z,SHORT,588.3295041513443,587.37,596.950716,570.711,562.465869,549.534051,0.1631,0.1113,TIMEOUT,CO_THE_VAO,9.38,5.83,9.38,3.55,CLEAR,1.5,2.7083,2.5,4.1667,2.04,RANGING,1,1.3333333333333333,2,1,0,2,0,1,1,2,1,2,1,1
BNBUSDT,1775368800000,1775383200000,2026-04-05T06:00:00.000Z,2026-04-05T10:00:00.000Z,SHORT,590.9076704740525,595.403154,595.403154,581.916703,577.42122,570.711,-0.7608,-1,SL,VAO_TU_TIN,10.1,7.08,10.1,3.02,CLEAR,1.5,2.8125,3.125,4.1667,2,RANGING,13,1.5,2,1,0,2,1,1,1,2,1,2,1,0
BNBUSDT,1775394000000,1775401200000,2026-04-05T13:00:00.000Z,2026-04-05T15:00:00.000Z,SHORT,589.7884035539628,594.037021,594.037021,581.291169,577.042551,570.711,-0.7204,-1,SL,VAO_TU_TIN,10,6.88,10,3.12,CLEAR,1.5,2.7083,3.125,4.1667,2,RANGING,20,1.3333333333333333,2,1,0,2,1,1,1,1.5,1.5,2,1,0
BNBUSDT,1775455200000,1775469600000,2026-04-06T06:00:00.000Z,2026-04-06T10:00:00.000Z,LONG,598.4251247882843,606.95,589.153069,616.969236,626.241292,640.149376,1.4246,0.9194,TIMEOUT,CO_THE_VAO,9.27,9.27,5.73,3.54,CLEAR,1.5,3.75,2.1875,3.3333,2,RANGING,13,2,2,2,0,1,0.5,1,1,1,1,2,1,1
BNBUSDT,1775523600000,1775538000000,2026-04-07T01:00:00.000Z,2026-04-07T05:00:00.000Z,SHORT,602.093079662323,597.91,611.779246,582.720747,570.711,558.505331,0.6948,0.4319,TIMEOUT,VAO_TU_TIN,10.52,5.83,10.52,4.69,CLEAR,1.5,3.0208,2.5,5,2,RANGING,8,1.3333333333333333,2,1.5,0,2,0,1,1,2,2,2,1,1
BNBUSDT,1775541600000,1775556000000,2026-04-07T06:00:00.000Z,2026-04-07T10:00:00.000Z,SHORT,598.7886703968048,597.91,607.337339,581.691333,570.711,560.319662,0.1467,0.1028,TIMEOUT,CO_THE_VAO,9.38,5.63,9.38,3.75,CLEAR,1.5,2.7083,2.5,4.1667,2,RANGING,13,1.3333333333333333,2,1,0,2,0,1,1,2,1,2,1,1
BNBUSDT,1775566800000,1775581200000,2026-04-07T13:00:00.000Z,2026-04-07T17:00:00.000Z,SHORT,599.5423777580261,604.89,609.821881,578.983371,570.711,553.284613,-0.892,-0.5202,TIMEOUT,CO_THE_VAO,9.79,6.04,9.79,3.75,CLEAR,1.5,2.7083,2.5,4.5833,2,RANGING,20,1.3333333333333333,2,1,0,2,0,1,1,2,1.5,2,1,0
BNBUSDT,1775635200000,1775649600000,2026-04-08T08:00:00.000Z,2026-04-08T12:00:00.000Z,LONG,612.5456295728684,613.88,604.008905,629.619079,638.155803,650.96089,0.2178,0.1563,TIMEOUT,VAO_TU_TIN,10.1,10.1,7.29,2.81,CLEAR,1.5,3.75,2.1875,4.1667,2,RANGING,15,2,2,1,1,2,0,0.5,1,1.5,1.5,2,1,1
BNBUSDT,1775746800000,1775761200000,2026-04-09T15:00:00.000Z,2026-04-09T19:00:00.000Z,LONG,603.8777686595917,609,595.354747,620.923812,629.446834,642.231366,0.8482,0.601,TIMEOUT,VAO_TU_TIN,10.94,10.94,6.46,4.48,CLEAR,1.5,2.8125,3.125,5,2,RANGING,22,1.5,2,1,0,2,1,1,1,2,2,2,1,1
BNBUSDT,1775808000000,1775822400000,2026-04-10T08:00:00.000Z,2026-04-10T12:00:00.000Z,SHORT,602.0513067483902,603.08,611.722875,582.70817,573.036602,558.52925,-0.1709,-0.1064,TIMEOUT,CO_THE_VAO,9.48,6.77,9.48,2.71,CLEAR,1.5,3.75,2.8125,2.9167,2,RANGING,15,2,2,2,0,2,0,1.5,1,0,1.5,2,1,0
BNBUSDT,1775829600000,1775844000000,2026-04-10T14:00:00.000Z,2026-04-10T18:00:00.000Z,LONG,603.7848480224609,609.52,597.016632,617.32128,625.379,634.24182,0.9499,0.8474,TIMEOUT,VAO_TU_TIN,10.63,10.63,6.46,4.17,CLEAR,1.5,3.125,2.5,5,2,RANGING,21,1.5,2,1.5,0,1,1,1,1,2,2,2,1,1
BNBUSDT,1775880000000,1775894400000,2026-04-11T04:00:00.000Z,2026-04-11T08:00:00.000Z,SHORT,608.4214247465134,606.17,615.558365,594.147544,587.010604,576.305194,0.37,0.3155,TIMEOUT,CO_THE_VAO,9.27,9.9,9.27,0.63,CLEAR,1.5,3.125,2.8125,3.3333,2,RANGING,11,0,2,1,2,2,0,1.5,1,0,2,2,1,1
BNBUSDT,1775955600000,1775984400000,2026-04-12T01:00:00.000Z,2026-04-12T09:00:00.000Z,SHORT,606.0559900283813,593.5,612.060533,592.221,587.271,579.035547,2.0718,2.0911,TIMEOUT,SETUP_NGON,11.56,5.52,11.56,6.04,CLEAR,1.5,3.125,3.4375,5,2.3,RANGING,8,2,1,2,0,2,1,1.5,1,2,2,2,1,1
BNBUSDT,1776362400000,1776376800000,2026-04-16T18:00:00.000Z,2026-04-16T22:00:00.000Z,LONG,624.998446559906,633.68,609.530288,655.934764,671.402922,694.60516,1.3891,0.5613,TIMEOUT,CO_THE_VAO,9.79,9.79,4.38,5.41,CLEAR,1.5,3.125,2.5,4.1667,2,RANGING,1,2,1,2,0,1,1,1,1,2,1,2,1,1
BNBUSDT,1776430800000,1776445200000,2026-04-17T13:00:00.000Z,2026-04-17T17:00:00.000Z,LONG,632.6545546531677,642.22,623.536302,650.89106,660.009313,673.686692,1.512,1.049,TIMEOUT,VAO_TU_TIN,10.21,10.21,4.79,5.42,CLEAR,1.5,3.125,2.5,4.5833,2,RANGING,20,2,1,2,0,1,1,1,1,2,1.5,2,1,1
BNBUSDT,1776517200000,1776531600000,2026-04-18T13:00:00.000Z,2026-04-18T17:00:00.000Z,SHORT,637.8422639846801,633.76,648.353953,615.091,606.307197,589.171,0.64,0.3884,TIMEOUT,CO_THE_VAO,9.38,6.04,9.38,3.34,CLEAR,1.5,2.7083,2.5,4.1667,2.16,RANGING,20,1.3333333333333333,1,2,0,2,0,1,1,1.5,1.5,2,1,1
BNBUSDT,1776535200000,1776549600000,2026-04-18T18:00:00.000Z,2026-04-18T22:00:00.000Z,SHORT,635.625524187088,631.23,645.58757,615.091,605.739387,589.171,0.6915,0.4412,TIMEOUT,CO_THE_VAO,9.69,4.06,9.69,5.63,CLEAR,1.5,2.7083,2.8125,4.1667,2.06,RANGING,1,1.3333333333333333,1,2,0,2,0.5,1,1,2,1,2,1,1
BNBUSDT,1776560400000,1776574800000,2026-04-19T01:00:00.000Z,2026-04-19T05:00:00.000Z,SHORT,632.6668013095856,622.95,641.149879,615.091,607.217568,594.492952,1.5358,1.1454,TIMEOUT,CO_THE_VAO,9.79,4.58,9.79,5.21,CLEAR,1.5,2.7083,2.5,4.5833,2.07,RANGING,8,1.3333333333333333,1,2,0,2,0,1,1,1.5,2,2,1,1
BNBUSDT,1776646800000,1776661200000,2026-04-20T01:00:00.000Z,2026-04-20T05:00:00.000Z,SHORT,621.4757850646972,619.06,629.154989,606.117377,598.438173,589.171,0.3887,0.3146,TIMEOUT,VAO_TU_TIN,10.63,8.44,10.63,2.19,CLEAR,1.5,3.9583,2.5,4.1667,2,RANGING,8,1.3333333333333333,2,1,2,2,0,1,1,1,2,2,1,1
BNBUSDT,1776664800000,1776679200000,2026-04-20T06:00:00.000Z,2026-04-20T10:00:00.000Z,SHORT,624.620060300827,626.5,633.87341,606.113361,596.860011,582.979987,-0.301,-0.2032,TIMEOUT,CO_THE_VAO,9.27,6.35,9.27,2.92,CLEAR,1.5,3.125,2.8125,3.3333,2,RANGING,13,1,2,1,1,2,0.5,1,1,1,1,2,1,0
BNBUSDT,1776697200000,1776711600000,2026-04-20T15:00:00.000Z,2026-04-20T19:00:00.000Z,LONG,625.2260807037353,630.91,614.940347,645.797548,656.083282,671.511882,0.9091,0.5526,TIMEOUT,CO_THE_VAO,9.48,9.48,7.29,2.19,CLEAR,1.5,2.8125,2.5,4.1667,2,RANGING,22,1.5,2,1,0,1,1,1,1,1,2,2,1,1
BNBUSDT,1776758400000,1776772800000,2026-04-21T08:00:00.000Z,2026-04-21T12:00:00.000Z,LONG,630.8263038158417,632.25,622.702389,649.189,655.198048,667.38392,0.2257,0.1752,TIMEOUT,CO_THE_VAO,9.9,9.9,5.73,4.17,CLEAR,1.5,3.125,2.1875,4.5833,2.26,RANGING,15,2,1,2,0,1,1,0.5,1,2,1.5,2,1,1
BNBUSDT,1776780000000,1776794400000,2026-04-21T14:00:00.000Z,2026-04-21T18:00:00.000Z,LONG,631.1141666269302,630.62,623.750278,645.841944,653.205833,664.251665,-0.0783,-0.0671,TIMEOUT,VAO_TU_TIN,10.42,10.42,8.13,2.29,CLEAR,1.5,4.0625,2.1875,4.1667,2,RANGING,21,1,2,1.5,2,1,0.5,1,1,1,2,2,1,0
BNBUSDT,1776823200000,1776837600000,2026-04-22T02:00:00.000Z,2026-04-22T06:00:00.000Z,LONG,632.8776713848114,642.73,624.916523,649.189,656.761117,668.702839,1.5568,1.2376,TIMEOUT,VAO_TU_TIN,10.63,10.63,5.83,4.8,CLEAR,1.5,3.125,2.5,5,2.05,RANGING,9,2,1,2,0,1,1,1,1,2,2,2,1,1
BNBUSDT,1776862800000,1776877200000,2026-04-22T13:00:00.000Z,2026-04-22T17:00:00.000Z,LONG,640.5782083511352,645.1,632.759125,656.216375,664.035458,675.764083,0.7059,0.5783,TIMEOUT,CO_THE_VAO,9.9,9.9,5.1,4.8,CLEAR,1.5,3.125,2.1875,4.5833,2,TRENDING,20,2,1,2,0,1,1,0.5,1,2,1.5,2,1,1
BNBUSDT,1776913200000,1776927600000,2026-04-23T03:00:00.000Z,2026-04-23T07:00:00.000Z,SHORT,639.5275678157807,635.86,649.335125,619.912453,610.841,595.39356,0.5735,0.374,TIMEOUT,CO_THE_VAO,9.38,7.71,9.38,1.67,CLEAR,1.5,2.7083,2.5,4.1667,2,RANGING,10,1.3333333333333333,2,1,0,2,0,1,1,1,2,2,1,1
BNBUSDT,1776934800000,1776949200000,2026-04-23T09:00:00.000Z,2026-04-23T13:00:00.000Z,SHORT,637.5656516551971,636.29,646.006966,620.683023,615.141,599.579737,0.2001,0.1511,TIMEOUT,CO_THE_VAO,9.79,5,9.79,4.79,CLEAR,1.5,2.7083,2.5,4.5833,2,RANGING,16,1.3333333333333333,1,2,0,2,0,1,1,2,1.5,2,1,1
BNBUSDT,1776952800000,1776967200000,2026-04-23T14:00:00.000Z,2026-04-23T18:00:00.000Z,SHORT,637.1693823289871,634.36,644.966711,621.574725,615.141,602.081403,0.4409,0.3603,TIMEOUT,CO_THE_VAO,9.79,9.06,9.79,0.73,CLEAR,1.5,3.125,2.5,4.1667,2,RANGING,21,0,1,2,2,2,0,1,1,1,2,2,1,1
BNBUSDT,1777035600000,1777050000000,2026-04-24T13:00:00.000Z,2026-04-24T17:00:00.000Z,LONG,637.8265570878982,638.14,629.878283,654.889,661.671379,673.59379,0.0491,0.0394,TIMEOUT,CO_THE_VAO,9.48,9.48,6.35,3.13,CLEAR,1.5,3.125,2.1875,4.1667,2.15,RANGING,20,1.5,2,1.5,0,1,0.5,1,1,1.5,1.5,2,1,1
BNBUSDT,1777078800000,1777093200000,2026-04-25T01:00:00.000Z,2026-04-25T05:00:00.000Z,SHORT,637.6673368501663,637.05,642.893533,627.214945,621.988748,614.149454,0.0968,0.1181,TIMEOUT,VAO_TU_TIN,10.83,8.02,10.83,2.81,CLEAR,1.5,3.75,2.5,4.5833,2,RANGING,8,0,2,2,2,2,0,1,1,1.5,2,2,1,1
BNBUSDT,1777129200000,1777158000000,2026-04-25T15:00:00.000Z,2026-04-25T23:00:00.000Z,SHORT,635.2071248054505,628.9,639.573466,625.121,625.121,615.141,0.9929,1.4445,TIMEOUT,VAO_TU_TIN,11.25,5.83,11.25,5.42,CLEAR,1.5,3.125,3.125,5,2.31,RANGING,22,2,1,2,0,2,1,1,1,2,2,2,1,1
BNBUSDT,1777204800000,1777219200000,2026-04-26T12:00:00.000Z,2026-04-26T16:00:00.000Z,SHORT,631.0088003635407,631.4,636.237121,620.552159,615.141,607.481357,-0.062,-0.0748,TIMEOUT,CO_THE_VAO,9.58,7.5,9.58,2.08,CLEAR,1.5,3.3333,2.5,3.75,2,RANGING,19,1.3333333333333333,2,1,1,2,0,1,1,1,1.5,2,1,0
BNBUSDT,1777251600000,1777266000000,2026-04-27T01:00:00.000Z,2026-04-27T05:00:00.000Z,LONG,634.9547747611999,629.25401,629.25401,646.356304,654.889,660.608216,-0.8978,-1,SL,VAO_TU_TIN,10.21,10.21,5.83,4.38,CLEAR,1.5,3.125,2.5,4.5833,2,RANGING,8,2,1,2,0,1,1,1,1,1.5,2,2,1,0
BNBUSDT,1777269600000,1777284000000,2026-04-27T06:00:00.000Z,2026-04-27T10:00:00.000Z,SHORT,633.5623857975006,628.06,640.391645,619.903867,615.141,602.830719,0.8685,0.8057,TIMEOUT,VAO_TU_TIN,10.42,5.83,10.42,4.59,CLEAR,1.5,3.125,3.125,4.1667,2,RANGING,13,2,1,2,0,2,1,1,1,2,1,2,1,1
BNBUSDT,1777287600000,1777302000000,2026-04-27T11:00:00.000Z,2026-04-27T15:00:00.000Z,SHORT,631.1285219669342,619.302318,637.041624,619.302318,615.141,604.519563,1.8738,2,TP,VAO_TU_TIN,10.42,6.25,10.42,4.17,CLEAR,1.5,3.75,2.5,4.1667,2,RANGING,18,2,2,2,0,2,0,1,1,1.5,1.5,2,1,1
BNBUSDT,1777305600000,1777320000000,2026-04-27T16:00:00.000Z,2026-04-27T20:00:00.000Z,SHORT,628.0496409893036,624.25,634.778737,614.591449,607.862353,597.768709,0.605,0.5647,TIMEOUT,VAO_TU_TIN,10.63,5.21,10.63,5.42,CLEAR,1.5,3.125,2.5,5,2,RANGING,23,2,1,2,0,2,0,1,1,2,2,2,1,1
BNBUSDT,1777345200000,1777359600000,2026-04-28T03:00:00.000Z,2026-04-28T07:00:00.000Z,SHORT,625.5988127231598,624.57,630.990519,614.8154,609.423694,601.336134,0.1645,0.1908,TIMEOUT,VAO_TU_TIN,10.83,7.08,10.83,3.75,CLEAR,1.5,3.75,2.5,4.5833,2,RANGING,10,2,2,1,1,2,0,1,1,1.5,2,2,1,1
BNBUSDT,1777363200000,1777392000000,2026-04-28T08:00:00.000Z,2026-04-28T16:00:00.000Z,SHORT,624.9716713666916,623.81,630.284639,614.345736,609.032768,601.063317,0.1859,0.2186,TIMEOUT,VAO_TU_TIN,11.04,6.67,11.04,4.37,CLEAR,1.5,4.375,2.5,4.1667,2,RANGING,15,2,2,1,2,2,0,1,1,1.5,1.5,2,1,1
BNBUSDT,1777399200000,1777413600000,2026-04-28T18:00:00.000Z,2026-04-28T22:00:00.000Z,SHORT,623.5499188899994,623.5,628.346363,613.957031,609.160587,601.96592,0.008,0.0104,TIMEOUT,VAO_TU_TIN,10.63,6.56,10.63,4.07,CLEAR,1.5,4.375,2.5,3.75,2,RANGING,1,2,2,1,2,2,0,1,1,1.5,1,2,1,1
BNBUSDT,1777431600000,1777446000000,2026-04-29T03:00:00.000Z,2026-04-29T07:00:00.000Z,LONG,626.6764865875244,625.29,622.150644,635.728172,640.379,647.042778,-0.2212,-0.3063,TIMEOUT,VAO_TU_TIN,10,10,8.13,1.87,CLEAR,1.5,2.5,2.5,5,2,RANGING,10,1,2,1,0,1,1,1,1,2,2,2,1,0
BNBUSDT,1777474800000,1777485600000,2026-04-29T15:00:00.000Z,2026-04-29T18:00:00.000Z,SHORT,623.7351083755493,611.948263,629.628531,611.948263,606.054841,597.214707,1.8897,2,TP,VAO_TU_TIN,11.25,6.04,11.25,5.21,CLEAR,1.5,3.125,3.125,5,2,RANGING,22,2,1,2,0,2,1,1,1,2,2,2,1,1
BNBUSDT,1777510800000,1777525200000,2026-04-30T01:00:00.000Z,2026-04-30T05:00:00.000Z,SHORT,619.2905864715576,616.6,625.606112,606.659535,600.34401,590.870722,0.4345,0.426,TIMEOUT,VAO_TU_TIN,10.83,8.23,10.83,2.6,CLEAR,1.5,3.75,2.5,4.5833,2,RANGING,8,2,2,1,1,2,0,1,1,1.5,2,2,1,1
BNBUSDT,1777528800000,1777543200000,2026-04-30T06:00:00.000Z,2026-04-30T10:00:00.000Z,SHORT,617.8989259958267,616.33,624.091796,605.513186,599.320316,590.031011,0.2539,0.2533,TIMEOUT,VAO_TU_TIN,10.63,5.63,10.63,5,CLEAR,1.5,4.375,2.5,3.75,2,RANGING,13,2,2,2,1,2,0,1,1,1.5,1,2,1,1
BNBUSDT,1777546800000,1777561200000,2026-04-30T11:00:00.000Z,2026-04-30T15:00:00.000Z,SHORT,617.1942126989364,617.3,622.999926,605.582786,599.777073,591.068503,-0.0171,-0.0182,TIMEOUT,VAO_TU_TIN,10.42,6.04,10.42,4.38,CLEAR,1.5,3.75,2.5,4.1667,2,RANGING,18,2,2,1,1,2,0,1,1,1.5,1.5,2,1,0
BNBUSDT,1777640400000,1777654800000,2026-05-01T13:00:00.000Z,2026-05-01T17:00:00.000Z,LONG,618.7480659484863,620.74,613.946098,629.899,633.15397,640.379,0.3219,0.4148,TIMEOUT,VAO_TU_TIN,10.21,10.21,5.42,4.79,CLEAR,1.5,3.125,2.5,4.5833,2.32,RANGING,20,1,2,2,0,1,1,1,1,2,1.5,2,1,1
BNBUSDT,1777701600000,1777716000000,2026-05-02T06:00:00.000Z,2026-05-02T10:00:00.000Z,SHORT,616.5883141040802,616.06,621.854258,606.056426,600.790482,592.891567,0.0857,0.1003,TIMEOUT,CO_THE_VAO,9.06,6.98,9.06,2.08,CLEAR,1.5,3.75,2.8125,2.5,2,RANGING,13,2,2,1,1,2,0,1.5,1,0,1,2,1,1
BNBUSDT,1777946400000,1777960800000,2026-05-05T02:00:00.000Z,2026-05-05T06:00:00.000Z,SHORT,625.4428874874116,627.41,633.666419,608.995824,600.772293,588.436996,-0.3145,-0.2392,TIMEOUT,CO_THE_VAO,9.48,10.31,9.48,0.83,CLEAR,1.5,2.5,2.8125,4.1667,2,RANGING,9,0,1,1,2,2,0,1.5,1,1,2,2,1,0
BNBUSDT,1777982400000,1777996800000,2026-05-05T12:00:00.000Z,2026-05-05T16:00:00.000Z,LONG,627.6793649673461,629.71,622.088247,639.559,644.452719,652.839396,0.3235,0.3632,TIMEOUT,VAO_TU_TIN,10.52,10.52,5.1,5.42,CLEAR,1.5,3.75,2.1875,4.5833,2.12,RANGING,19,2,2,2,0,1,0.5,1,1,2,1.5,2,1,1
BNBUSDT,1778054400000,1778068800000,2026-05-06T08:00:00.000Z,2026-05-06T12:00:00.000Z,LONG,635.0738667011261,653.601172,625.810214,653.601172,662.864825,676.760304,2.9173,2,TP,CO_THE_VAO,9.58,9.58,4.79,4.79,CLEAR,1.5,2.5,2.5,4.5833,2,RANGING,15,2,0,2,0,1,1,1,1,2,1.5,2,1,1
BNBUSDT,1778076000000,1778104800000,2026-05-06T14:00:00.000Z,2026-05-06T22:00:00.000Z,LONG,642.4393844604492,647.24,633.362,660.594153,669.671538,683.287615,0.7472,0.5289,TIMEOUT,VAO_TU_TIN,11.15,11.15,6.35,4.8,CLEAR,1.5,4.375,2.1875,4.5833,2,TRENDING,21,2,1,2,2,1,0.5,1,1,1.5,2,2,1,1
BNBUSDT,1778202000000,1778216400000,2026-05-08T01:00:00.000Z,2026-05-08T05:00:00.000Z,SHORT,641.9582556724548,638.25,650.466027,624.942713,615.811,603.673285,0.5776,0.4359,TIMEOUT,VAO_TU_TIN,10.42,6.46,10.42,3.96,CLEAR,1.5,3.3333,2.5,4.5833,2,RANGING,8,1.3333333333333333,2,2,0,2,0,1,1,1.5,2,2,1,1
BNBUSDT,1778220000000,1778234400000,2026-05-08T06:00:00.000Z,2026-05-08T10:00:00.000Z,SHORT,640.3799202919006,639.75,648.61608,623.907601,615.811,603.317202,0.0984,0.0765,TIMEOUT,VAO_TU_TIN,10.21,5,10.21,5.21,CLEAR,1.5,3.3333,3.125,3.75,2,RANGING,13,1.3333333333333333,2,2,0,2,1,1,1,1.5,1,2,1,1
BNBUSDT,1778238000000,1778252400000,2026-05-08T11:00:00.000Z,2026-05-08T15:00:00.000Z,SHORT,640.3379270505906,644.36,649.340262,622.333257,613.330922,599.82742,-0.6281,-0.4468,TIMEOUT,CO_THE_VAO,9.79,7.92,9.79,1.87,CLEAR,1.5,3.125,2.5,4.1667,2,RANGING,18,0,2,1,2,2,0,1,1,1.5,1.5,2,1,0
BNBUSDT,1778317200000,1778331600000,2026-05-09T09:00:00.000Z,2026-05-09T13:00:00.000Z,SHORT,653.1156104803085,649.84,660.764181,637.701,630.169899,615.811,0.5015,0.4283,TIMEOUT,CO_THE_VAO,9.69,9.48,9.69,0.21,CLEAR,1.5,2.8125,3.125,3.75,2.02,RANGING,16,0,1,1.5,2,2,0,2,1,1,1.5,2,1,1
BNBUSDT,1778425200000,1778439600000,2026-05-10T15:00:00.000Z,2026-05-10T19:00:00.000Z,LONG,651.149964094162,661.62,644.486071,664.719,671.141643,681.137483,1.6079,1.5712,TIMEOUT,VAO_TU_TIN,10.31,10.31,6.46,3.85,CLEAR,1.5,2.8125,2.5,5,2.04,RANGING,22,2,1,1.5,0,1,1,1,1,2,2,2,1,1
BNBUSDT,1778461200000,1778490000000,2026-05-11T01:00:00.000Z,2026-05-11T09:00:00.000Z,LONG,657.4944166183471,653.25,643.800005,684.88324,698.577651,719.119269,-0.6455,-0.3099,TIMEOUT,VAO_TU_TIN,11.15,11.15,8.02,3.13,CLEAR,1.5,4.375,2.1875,4.5833,2,RANGING,8,2,2,2,1,1,1,0.5,1,1.5,2,2,1,0
BNBUSDT,1778637600000,1778652000000,2026-05-13T02:00:00.000Z,2026-05-13T06:00:00.000Z,LONG,666.3367146492004,676.74,656.459502,686.09114,695.968353,710.784172,1.5613,1.0533,TIMEOUT,CO_THE_VAO,9.48,9.48,6.77,2.71,CLEAR,1.5,3.125,2.1875,4.1667,2,TRENDING,9,2,1,2,0,2,0.5,0,1,1,2,2,1,1
BNBUSDT,1778673600000,1778702400000,2026-05-13T12:00:00.000Z,2026-05-13T20:00:00.000Z,SHORT,672.1526210689545,672.67,680.058205,656.341453,650.391,633.791,-0.077,-0.0654,TIMEOUT,SETUP_NGON,12.08,8.23,12.08,3.85,CLEAR,1.5,4.0625,3.4375,4.5833,2,RANGING,19,1,2,1.5,2,2,1,1.5,1,2,1.5,2,1,0
BNBUSDT,1778763600000,1778778000000,2026-05-14T13:00:00.000Z,2026-05-14T17:00:00.000Z,LONG,673.749164056778,682.47,663.694788,693.857916,703.912292,718.993856,1.2944,0.8674,TIMEOUT,VAO_TU_TIN,10.73,10.73,7.5,3.23,CLEAR,1.5,3.4375,3.125,4.1667,2,RANGING,20,2,2,1.5,0,2,1,1,1,1.5,1.5,2,1,1
BNBUSDT,1778846400000,1778860800000,2026-05-15T12:00:00.000Z,2026-05-15T16:00:00.000Z,SHORT,684.607912197113,674.95,698.65205,656.519637,642.475499,621.409292,1.4107,0.6877,TIMEOUT,CO_THE_VAO,9.79,8.85,9.79,0.94,CLEAR,1.5,4.0625,2.8125,2.9167,2,RANGING,19,1,2,1.5,2,2,0.5,1,1,0,1.5,2,1,1
BNBUSDT,1778983200000,1778997600000,2026-05-17T02:00:00.000Z,2026-05-17T06:00:00.000Z,SHORT,656.4605613231658,655.68,665.672963,638.035758,628.823356,615.004754,0.1189,0.0847,TIMEOUT,CO_THE_VAO,9.58,5.83,9.58,3.75,CLEAR,1.5,2.5,2.5,4.5833,2,RANGING,9,2,1,1,0,2,0,1,1,1.5,2,2,1,1
BNBUSDT,1779026400000,1779055200000,2026-05-17T14:00:00.000Z,2026-05-17T22:00:00.000Z,SHORT,651.836098394394,654.08,658.24471,639.018875,632.610264,622.997346,-0.3442,-0.3501,TIMEOUT,VAO_TU_TIN,11.25,7.29,11.25,3.96,CLEAR,1.5,3.125,3.125,5,2,RANGING,21,2,2,1,0,2,1,1,1,2,2,2,1,0
BNBUSDT,1779066000000,1779094800000,2026-05-18T01:00:00.000Z,2026-05-18T09:00:00.000Z,SHORT,652.2150265693665,639.63,660.658389,635.328302,626.884939,614.219896,1.9296,1.4905,TIMEOUT,VAO_TU_TIN,11.25,5.21,11.25,6.04,CLEAR,1.5,3.125,3.125,5,2,RANGING,8,2,1,2,0,2,1,1,1,2,2,2,1,1
BNBUSDT,1779098400000,1779112800000,2026-05-18T10:00:00.000Z,2026-05-18T14:00:00.000Z,SHORT,645.3896118164063,637.09,653.27948,629.609875,621.720007,609.885205,1.286,1.0519,TIMEOUT,VAO_TU_TIN,10.21,4.79,10.21,5.42,CLEAR,1.5,3.125,2.5,4.5833,2,RANGING,17,2,1,2,0,2,0,1,1,2,1.5,2,1,1
BNBUSDT,1779116400000,1779130800000,2026-05-18T15:00:00.000Z,2026-05-18T19:00:00.000Z,SHORT,642.7971354961395,645.14,651.449116,625.493174,616.841194,603.863223,-0.3645,-0.2708,TIMEOUT,VAO_TU_TIN,10.21,4.58,10.21,5.63,CLEAR,1.5,3.125,2.5,4.5833,2,RANGING,22,2,1,2,0,2,0,1,1,1.5,2,2,1,0
BNBUSDT,1779152400000,1779181200000,2026-05-19T01:00:00.000Z,2026-05-19T09:00:00.000Z,SHORT,642.3792404174804,640.83,648.760276,629.617169,623.236134,613.66458,0.2412,0.2428,TIMEOUT,SETUP_NGON,11.88,6.46,11.88,5.42,CLEAR,1.5,4.375,2.5,5,2,RANGING,8,2,2,1,2,2,0,1,1,2,2,2,1,1
BNBUSDT,1779184800000,1779199200000,2026-05-19T10:00:00.000Z,2026-05-19T14:00:00.000Z,SHORT,642.1021897554398,638.5,649.897313,626.511943,618.71682,607.024135,0.561,0.4621,TIMEOUT,VAO_TU_TIN,10,8.33,10,1.67,CLEAR,1.5,3.125,3.125,3.75,2,RANGING,17,2,2,1,0,2,1,1,1,1,1.5,2,1,1
BNBUSDT,1779289200000,1779303600000,2026-05-20T15:00:00.000Z,2026-05-20T19:00:00.000Z,LONG,644.4977378368378,650.95,633.497541,666.498132,677.498328,690.549,1.0011,0.5866,TIMEOUT,CO_THE_VAO,9.58,9.58,5.21,4.37,CLEAR,1.5,2.5,2.5,4.5833,2,RANGING,22,1,1,2,0,1,1,1,1,1.5,2,2,1,1
BNBUSDT,1779386400000,1779400800000,2026-05-21T18:00:00.000Z,2026-05-21T22:00:00.000Z,LONG,652.7507466316223,657.27,642.370073,673.512094,683.892768,699.463778,0.6923,0.4354,TIMEOUT,CO_THE_VAO,9.27,9.27,6.98,2.29,CLEAR,1.5,3.75,2.1875,3.3333,2,RANGING,1,2,2,2,0,1,1,0.5,1,1,1,2,1,1
BNBUSDT,1779472800000,1779487200000,2026-05-22T18:00:00.000Z,2026-05-22T22:00:00.000Z,SHORT,657.3915843963623,652.93,665.996265,640.182223,634.431,618.670522,0.6787,0.5185,TIMEOUT,VAO_TU_TIN,10.42,5.63,10.42,4.79,CLEAR,1.5,3.125,3.125,4.1667,2,RANGING,1,1.5,2,1.5,0,2,1,1,1,2,1,2,1,1
BNBUSDT,1779498000000,1779512400000,2026-05-23T01:00:00.000Z,2026-05-23T05:00:00.000Z,SHORT,654.3522106170655,649.29,662.511158,636.461,629.875368,617.636947,0.7736,0.6204,TIMEOUT,VAO_TU_TIN,10.21,5.83,10.21,4.38,CLEAR,1.5,3.125,2.5,4.5833,2.19,RANGING,8,2,2,1,0,2,0,1,1,1.5,2,2,1,1
BNBUSDT,1779631200000,1779645600000,2026-05-24T14:00:00.000Z,2026-05-24T18:00:00.000Z,SHORT,655.9497970342636,655.65,665.355659,636.461,627.732211,613.623418,0.0457,0.0319,TIMEOUT,CO_THE_VAO,9.69,9.17,9.69,0.52,CLEAR,1.5,2.8125,3.125,3.75,2.07,RANGING,21,1,2,1.5,0,2,1,1,1,0.5,2,2,1,1
BNBUSDT,1779710400000,1779724800000,2026-05-25T12:00:00.000Z,2026-05-25T16:00:00.000Z,LONG,661.1173815727234,667.45,652.280103,678.791939,687.629217,700.885135,0.9579,0.7166,TIMEOUT,CO_THE_VAO,9.48,9.48,6.56,2.92,CLEAR,1.5,3.125,2.1875,4.1667,2,RANGING,19,2,1,2,0,1,1,0.5,1,1.5,1.5,2,1,1
BNBUSDT,1779732000000,1779746400000,2026-05-25T18:00:00.000Z,2026-05-25T22:00:00.000Z,LONG,664.3655146360397,661.13,656.79335,679.509844,687.082009,698.440255,-0.487,-0.4273,TIMEOUT,VAO_TU_TIN,10.31,10.31,6.88,3.43,CLEAR,1.5,4.375,2.1875,3.75,2,RANGING,1,2,2,1,2,1,0.5,1,1,1.5,1,2,1,0
BNBUSDT,1779789600000,1779804000000,2026-05-26T10:00:00.000Z,2026-05-26T14:00:00.000Z,LONG,662.2448058700561,663.21,653.217419,680.29958,689.326966,702.868047,0.1457,0.1069,TIMEOUT,CO_THE_VAO,9.69,9.69,7.5,2.19,CLEAR,1.5,3.4375,2.5,3.75,2,RANGING,17,1.5,2,1,1,1,1,1,1,1,1.5,2,1,1
BNBUSDT,1779930000000,1779940800000,2026-05-28T01:00:00.000Z,2026-05-28T04:00:00.000Z,SHORT,651.7460693836213,635.001,659.388061,635.001,628.820095,617.357107,2.5693,2.1912,TP,VAO_TU_TIN,11.25,5.21,11.25,6.04,CLEAR,1.5,3.125,3.125,5,2.19,RANGING,8,2,1,2,0,2,0.5,1.5,1,2,2,2,1,1
BNBUSDT,1779944400000,1779958800000,2026-05-28T05:00:00.000Z,2026-05-28T09:00:00.000Z,SHORT,647.0063965797424,634.34,655.736544,629.546102,620.815954,607.720733,1.9577,1.4509,TIMEOUT,CO_THE_VAO,9.69,3.44,9.69,6.25,CLEAR,1.5,3.125,2.8125,3.75,2,TRENDING,12,2,1,2,0,2,0,1.5,1,1.5,1,2,1,1
BNBUSDT,1780192800000,1780196400000,2026-05-31T02:00:00.000Z,2026-05-31T03:00:00.000Z,LONG,706.2295511245727,743.780163,687.454245,743.780163,762.555469,790.718429,5.3171,2,TP,VAO_TU_TIN,10,10,6.04,3.96,CLEAR,1.5,2.5,2.5,5,2,RANGING,9,2,0,2,0,1,1,1,1,2,2,2,1,1
BNBUSDT,1780210800000,1780225200000,2026-05-31T07:00:00.000Z,2026-05-31T11:00:00.000Z,LONG,717.6267890930176,723.35,696.905571,759.069225,779.790443,810.872271,0.7975,0.2762,TIMEOUT,VAO_TU_TIN,10,10,8.02,1.98,CLEAR,1.5,3.75,2.5,3.75,2,RANGING,14,2,1,1,2,1,1,1,1,1.5,1,2,1,1
BNBUSDT,1780286400000,1780300800000,2026-06-01T04:00:00.000Z,2026-06-01T08:00:00.000Z,SHORT,708.4173545837402,690.03,728.505287,668.24149,650.001,618.021659,2.5956,0.9153,TIMEOUT,VAO_TU_TIN,10.83,5.21,10.83,5.62,CLEAR,1.5,3.3333,2.5,5,2,RANGING,11,1.3333333333333333,2,2,0,2,0,1,1,2,2,2,1,1
BNBUSDT,1780308000000,1780336800000,2026-06-01T10:00:00.000Z,2026-06-01T18:00:00.000Z,SHORT,701.6893035975658,691.48,726.874375,650.001,626.134089,588.356482,1.455,0.4054,TIMEOUT,VAO_TU_TIN,11.15,8.23,11.15,2.92,CLEAR,1.5,3.125,3.4375,4.5833,2.05,RANGING,17,1,1,2,1,2,1,1.5,1,2,1.5,2,1,1
BNBUSDT,1780362000000,1780376400000,2026-06-02T01:00:00.000Z,2026-06-02T05:00:00.000Z,SHORT,691.4911428451538,684.11,708.323377,657.826675,640.99444,615.746089,1.0674,0.4385,TIMEOUT,VAO_TU_TIN,10.21,7.08,10.21,3.13,CLEAR,1.5,2.7083,2.5,5,2,RANGING,8,1.3333333333333333,2,1,0,2,0,1,1,2,2,2,1,1
BNBUSDT,1780380000000,1780394400000,2026-06-02T06:00:00.000Z,2026-06-02T10:00:00.000Z,SHORT,689.3598224639893,680.58,712.694429,642.690609,619.356003,584.354093,1.2736,0.3763,TIMEOUT,CO_THE_VAO,9.58,5,9.58,4.58,CLEAR,1.5,3.3333,2.5,3.75,2,RANGING,13,1.3333333333333333,2,2,0,2,0,1,1,1.5,1,2,1,1
BNBUSDT,1780398000000,1780412400000,2026-06-02T11:00:00.000Z,2026-06-02T15:00:00.000Z,SHORT,685.3038932800293,663.67,701.608528,652.694624,636.389989,611.933037,3.1568,1.3269,TIMEOUT,VAO_TU_TIN,10,4.79,10,5.21,CLEAR,1.5,3.3333,2.5,4.1667,2,RANGING,18,1.3333333333333333,2,2,0,2,0,1,1,1.5,1.5,2,1,1
BNBUSDT,1780416000000,1780437600000,2026-06-02T16:00:00.000Z,2026-06-02T22:00:00.000Z,SHORT,678.5601303100586,648.943379,693.368506,648.943379,631.151,611.92244,4.3646,2,TP,VAO_TU_TIN,11.46,5.21,11.46,6.25,CLEAR,1.5,3.125,3.75,4.5833,2,TRENDING,23,2,1,2,0,2,1,2,1,1.5,2,2,1,1
BNBUSDT,1780448400000,1780455600000,2026-06-03T01:00:00.000Z,2026-06-03T03:00:00.000Z,SHORT,664.1704790115357,631.151,679.131041,631.151,619.288793,596.84795,4.9715,2.2071,TP,VAO_TU_TIN,11.46,5.21,11.46,6.25,CLEAR,1.5,4.375,2.5,4.5833,2.21,TRENDING,8,2,1,2,2,2,0,1,1,1.5,2,2,1,1
BNBUSDT,1780459200000,1780473600000,2026-06-03T04:00:00.000Z,2026-06-03T08:00:00.000Z,SHORT,657.0473489761353,645.01,676.508417,618.125213,598.664145,569.472543,1.832,0.6185,TIMEOUT,CO_THE_VAO,9.79,5.63,9.79,4.16,CLEAR,1.5,3.125,2.5,4.1667,2,TRENDING,11,2,1,2,0,2,0,1,1,1,2,2,1,1
BNBUSDT,1780477200000,1780491600000,2026-06-03T09:00:00.000Z,2026-06-03T13:00:00.000Z,SHORT,651.2272085189819,633.55,668.976938,615.72775,597.97802,571.353426,2.7144,0.9959,TIMEOUT,VAO_TU_TIN,10.1,6.04,10.1,4.06,CLEAR,1.5,3.125,2.8125,4.1667,2,RANGING,16,2,2,1,0,2,0,1.5,1,1.5,1.5,2,1,1
BNBUSDT,1780498800000,1780513200000,2026-06-03T15:00:00.000Z,2026-06-03T19:00:00.000Z,SHORT,643.8650183677673,623.06,662.71129,606.172475,587.326203,559.056796,3.2313,1.1039,TIMEOUT,VAO_TU_TIN,10.31,4.9,10.31,5.41,CLEAR,1.5,2.5,2.8125,5,2,RANGING,22,2,1,1,0,2,0,1.5,1,2,2,2,1,1
BNBUSDT,1780534800000,1780538400000,2026-06-04T01:00:00.000Z,2026-06-04T02:00:00.000Z,SHORT,628.1009563446045,596.593341,643.854764,596.593341,580.839533,557.208822,5.0163,2,TP,VAO_TU_TIN,11.25,5.83,11.25,5.42,CLEAR,1.5,3.125,3.125,5,2,TRENDING,8,2,1,2,0,2,1,1,1,2,2,2,1,1
BNBUSDT,1780542000000,1780570800000,2026-06-04T03:00:00.000Z,2026-06-04T11:00:00.000Z,SHORT,625.0311199188233,595.61,645.936271,583.220818,562.315667,530.95794,4.7071,1.4074,TIMEOUT,VAO_TU_TIN,11.35,6.88,11.35,4.47,CLEAR,1.5,4.375,2.8125,4.1667,2,TRENDING,10,2,1,2,2,2,0.5,1,1,1,2,2,1,1
BNBUSDT,1780574400000,1780588800000,2026-06-04T12:00:00.000Z,2026-06-04T16:00:00.000Z,SHORT,609.5843900680542,604.11,630.537935,567.6773,546.723755,515.293438,0.8981,0.2613,TIMEOUT,VAO_TU_TIN,10.31,6.46,10.31,3.85,CLEAR,1.5,3.75,2.8125,3.75,2,RANGING,19,2,1,2,1,2,0,1.5,1,1,1.5,2,1,1
BNBUSDT,1780592400000,1780606800000,2026-06-04T17:00:00.000Z,2026-06-04T21:00:00.000Z,SHORT,607.305331993103,599.56,630.477775,560.960446,537.788003,503.029338,1.2754,0.3342,TIMEOUT,CO_THE_VAO,9.38,6.88,9.38,2.5,CLEAR,1.5,3.125,2.5,3.75,2,RANGING,0,2,1,1,1,2,0,1,1,1.5,1,2,1,1
BNBUSDT,1780621200000,1780635600000,2026-06-05T01:00:00.000Z,2026-06-05T05:00:00.000Z,SHORT,604.6860479354858,584.82,625.492986,563.072172,542.265234,511.054827,3.2853,0.9548,TIMEOUT,CO_THE_VAO,9.58,8.33,9.58,1.25,CLEAR,1.5,3.75,2.5,3.3333,2,RANGING,8,2,1,1,2,2,0,1,1,0,2,2,1,1
BNBUSDT,1780639200000,1780653600000,2026-06-05T06:00:00.000Z,2026-06-05T10:00:00.000Z,SHORT,598.4708936691284,593.21,614.741579,565.929523,549.658838,525.25281,0.8791,0.3233,TIMEOUT,VAO_TU_TIN,10.42,5,10.42,5.42,CLEAR,1.5,3.125,3.125,4.1667,2,TRENDING,13,2,1,2,0,2,1,1,1,2,1,2,1,1
BNBUSDT,1780657200000,1780671600000,2026-06-05T11:00:00.000Z,2026-06-05T15:00:00.000Z,SHORT,595.2307455062867,579.15,611.742354,562.207529,545.69592,520.928507,2.7016,0.9739,TIMEOUT,VAO_TU_TIN,10.83,6.04,10.83,4.79,CLEAR,1.5,3.75,2.5,4.5833,2,TRENDING,18,2,1,1,2,2,0,1,1,2,1.5,2,1,1
BNBUSDT,1780675200000,1780689600000,2026-06-05T16:00:00.000Z,2026-06-05T20:00:00.000Z,SHORT,589.2165132522583,577.94,611.654473,544.340594,521.902634,488.245694,1.9138,0.5026,TIMEOUT,CO_THE_VAO,9.79,6.25,9.79,3.54,CLEAR,1.5,2.5,3.125,4.1667,2,TRENDING,23,2,0,2,0,2,1,1,1,1,2,2,1,1
BNBUSDT,1780707600000,1780722000000,2026-06-06T01:00:00.000Z,2026-06-06T05:00:00.000Z,SHORT,579.3136072158813,576.61,600.229895,537.481032,516.564744,485.190312,0.4667,0.1293,TIMEOUT,VAO_TU_TIN,10.94,7.08,10.94,3.86,CLEAR,1.5,3.125,2.8125,5,2,RANGING,8,2,1,1,1,2,0,1.5,1,2,2,2,1,1
BNBUSDT,1780725600000,1780740000000,2026-06-06T06:00:00.000Z,2026-06-06T10:00:00.000Z,SHORT,575.9191703098194,573.94,597.146551,533.464409,512.237028,480.395957,0.3437,0.0932,TIMEOUT,VAO_TU_TIN,10.73,5.63,10.73,5.1,CLEAR,1.5,3.75,2.8125,4.1667,2,RANGING,13,2,1,1,2,2,0,1.5,1,2,1,2,1,1
BNBUSDT,1780743600000,1780758000000,2026-06-06T11:00:00.000Z,2026-06-06T15:00:00.000Z,SHORT,576.0071405410766,576.04,594.789862,538.441698,519.658976,491.484894,-0.0057,-0.0017,TIMEOUT,VAO_TU_TIN,10,7.08,10,2.92,CLEAR,1.5,3.75,2.5,3.75,2,RANGING,18,2,1,1,2,2,0,1,1,1,1.5,2,1,0
BNBUSDT,1780812000000,1780826400000,2026-06-07T06:00:00.000Z,2026-06-07T10:00:00.000Z,LONG,580.1458260536194,593.11,565.245897,609.945684,624.845613,647.195507,2.2346,0.8701,TIMEOUT,CO_THE_VAO,9.17,9.17,5.21,3.96,CLEAR,1.5,2.5,2.5,4.1667,2,RANGING,13,1,1,2,0,1,1,1,1,2,1,2,1,1
BNBUSDT,1780833600000,1780848000000,2026-06-07T12:00:00.000Z,2026-06-07T16:00:00.000Z,LONG,586.3414214134216,594.45,576.129713,606.764838,619.264076,632.294109,1.3829,0.794,TIMEOUT,VAO_TU_TIN,10,10,6.67,3.33,CLEAR,1.5,3.75,2.5,3.75,2,TRENDING,19,1,1,2,2,1,1,1,1,1,1.5,2,1,1
BNBUSDT,1780891200000,1780905600000,2026-06-08T04:00:00.000Z,2026-06-08T08:00:00.000Z,SHORT,596.2901687431336,595.62,609.048931,570.772644,556.881,538.875739,0.1124,0.0525,TIMEOUT,VAO_TU_TIN,10,9.48,10,0.52,CLEAR,1.5,3.4375,2.8125,3.75,2,RANGING,11,0,2,1.5,2,2,0.5,1,1,0.5,2,2,1,1
BNBUSDT,1780970400000,1780984800000,2026-06-09T02:00:00.000Z,2026-06-09T06:00:00.000Z,SHORT,600.6702907562255,604.26,614.158413,573.694046,560.205924,539.973741,-0.5976,-0.2661,TIMEOUT,CO_THE_VAO,9.9,7.92,9.9,1.98,CLEAR,1.5,2.8125,2.5,4.5833,2,RANGING,9,1,2,1.5,0,2,0,1,1,1.5,2,2,1,0
BNBUSDT,1780995600000,1781010000000,2026-06-09T09:00:00.000Z,2026-06-09T13:00:00.000Z,SHORT,600.6608286380767,594.89,612.150656,577.681174,566.191347,548.956606,0.9607,0.5023,TIMEOUT,VAO_TU_TIN,10.1,6.67,10.1,3.43,CLEAR,1.5,3.0208,2.5,4.5833,2,RANGING,16,1.3333333333333333,2,1.5,0,2,0,1,1,2,1.5,2,1,1
BNBUSDT,1781013600000,1781028000000,2026-06-09T14:00:00.000Z,2026-06-09T18:00:00.000Z,SHORT,598.3809087753295,594.68,612.307046,570.528634,556.881,535.713291,0.6185,0.2658,TIMEOUT,VAO_TU_TIN,10.94,6.46,10.94,4.48,CLEAR,1.5,2.8125,3.125,5,2,RANGING,21,2,1,1.5,0,2,1,1,1,2,2,2,1,1
BNBUSDT,1781053200000,1781082000000,2026-06-10T01:00:00.000Z,2026-06-10T09:00:00.000Z,SHORT,594.5813897132873,585.15,604.438361,574.867447,565.010476,550.225019,1.5862,0.9568,TIMEOUT,VAO_TU_TIN,11.25,6.46,11.25,4.79,CLEAR,1.5,3.75,2.5,5,2,RANGING,8,2,2,1,1,2,0,1,1,2,2,2,1,1
BNBUSDT,1781085600000,1781100000000,2026-06-10T10:00:00.000Z,2026-06-10T14:00:00.000Z,SHORT,589.1163911819458,593.28,598.368132,570.61291,561.361169,547.483558,-0.7068,-0.45,TIMEOUT,VAO_TU_TIN,10.42,5.42,10.42,5,CLEAR,1.5,3.75,2.5,4.1667,2,RANGING,17,2,2,2,0,2,0,1,1,1.5,1.5,2,1,0
BNBUSDT,1781179200000,1781193600000,2026-06-11T12:00:00.000Z,2026-06-11T16:00:00.000Z,LONG,596.4769804000855,598.76,582.736382,623.958177,637.698776,658.309673,0.3828,0.1662,TIMEOUT,CO_THE_VAO,9.79,9.79,6.04,3.75,CLEAR,1.5,3.125,2.5,4.1667,2,RANGING,19,1,2,2,0,1,1,1,1,1.5,1.5,2,1,1
BNBUSDT,1781197200000,1781211600000,2026-06-11T17:00:00.000Z,2026-06-11T21:00:00.000Z,LONG,598.7328182220459,603.71,586.380567,623.437321,635.789572,654.317949,0.8313,0.4029,TIMEOUT,CO_THE_VAO,9.17,9.17,5,4.17,CLEAR,1.5,2.5,2.5,4.1667,2,RANGING,0,1,1,2,0,1,1,1,1,2,1,2,1,1
BNBUSDT,1781272800000,1781301600000,2026-06-12T14:00:00.000Z,2026-06-12T22:00:00.000Z,LONG,605.0427791118622,603.16,596.580693,621.966951,630.429037,643.122167,-0.3112,-0.2225,TIMEOUT,VAO_TU_TIN,11.25,11.25,5.83,5.42,CLEAR,1.5,3.75,2.5,5,2,RANGING,21,2,2,2,0,1,1,1,1,2,2,2,1,0
BNBUSDT,1781323200000,1781337600000,2026-06-13T04:00:00.000Z,2026-06-13T08:00:00.000Z,SHORT,603.2449391841889,604.17,611.76979,583.991,577.670387,564.883111,-0.1533,-0.1085,TIMEOUT,VAO_TU_TIN,10.52,6.67,10.52,3.85,CLEAR,1.5,3.0208,2.5,5,2.26,RANGING,11,1.3333333333333333,2,1.5,0,2,0,1,1,2,2,2,1,0
BNBUSDT,1781359200000,1781373600000,2026-06-13T14:00:00.000Z,2026-06-13T18:00:00.000Z,LONG,606.1246027946472,608.1,600.04688,618.280048,624.357771,633.474355,0.3259,0.325,TIMEOUT,VAO_TU_TIN,10.31,10.31,6.35,3.96,CLEAR,1.5,3.125,2.1875,5,2,RANGING,21,2,1,2,0,1,0.5,1,1,2,2,2,1,1
BNBUSDT,1781427600000,1781442000000,2026-06-14T09:00:00.000Z,2026-06-14T13:00:00.000Z,LONG,610.1998888731002,611.45,605.206571,620.186525,625.179842,632.669819,0.2049,0.2504,TIMEOUT,VAO_TU_TIN,10.52,10.52,5.1,5.42,CLEAR,1.5,3.75,2.1875,4.5833,2,RANGING,16,2,2,2,0,1,0.5,1,1,2,1.5,2,1,1
BNBUSDT,1781503200000,1781517600000,2026-06-15T06:00:00.000Z,2026-06-15T10:00:00.000Z,LONG,614.0165493965148,617.99,605.009775,632.030098,641.036873,654.547034,0.6471,0.4412,TIMEOUT,CO_THE_VAO,9.69,9.69,5.31,4.38,CLEAR,1.5,3.75,2.1875,3.75,2,RANGING,13,2,2,2,0,1,0.5,1,1,1.5,1,2,1,1
BNBUSDT,1781521200000,1781535600000,2026-06-15T11:00:00.000Z,2026-06-15T15:00:00.000Z,LONG,615.6549924373627,629.35,606.137753,634.689471,644.206711,658.48257,2.2245,1.439,TIMEOUT,CO_THE_VAO,9.9,9.9,5.73,4.17,CLEAR,1.5,3.125,2.1875,4.5833,2,RANGING,18,2,1,2,0,1,1,0.5,1,2,1.5,2,1,1
BNBUSDT,1781586000000,1781600400000,2026-06-16T05:00:00.000Z,2026-06-16T09:00:00.000Z,SHORT,616.6728816986084,615.5,627.182187,595.654271,583.991,569.381008,0.1902,0.1116,TIMEOUT,CO_THE_VAO,9.17,6.67,9.17,2.5,CLEAR,1.5,3.3333,2.5,3.3333,2,RANGING,12,1.3333333333333333,2,2,0,2,0,1,1,1,1,2,1,1
BNBUSDT,1781614800000,1781629200000,2026-06-16T13:00:00.000Z,2026-06-16T17:00:00.000Z,SHORT,614.7005599021911,608.23,624.531693,595.038294,583.991,570.460461,1.0526,0.6582,TIMEOUT,VAO_TU_TIN,10.83,4.79,10.83,6.04,CLEAR,1.5,3.125,3.125,4.5833,2,RANGING,20,2,1,2,0,2,1,1,1,2,1.5,2,1,1
BNBUSDT,1781632800000,1781647200000,2026-06-16T18:00:00.000Z,2026-06-16T22:00:00.000Z,SHORT,611.2823797225952,606.51,620.981562,591.884015,583.991,567.636059,0.7807,0.492,TIMEOUT,VAO_TU_TIN,10.42,5.63,10.42,4.79,CLEAR,1.5,3.75,2.5,4.1667,2,RANGING,1,2,2,2,0,2,0,1,1,2,1,2,1,1
BNBUSDT,1781658000000,1781686800000,2026-06-17T01:00:00.000Z,2026-06-17T09:00:00.000Z,SHORT,606.8575707101822,601.66,615.162052,590.248608,583.991,569.487405,0.8565,0.6259,TIMEOUT,VAO_TU_TIN,11.04,7.5,11.04,3.54,CLEAR,1.5,4.375,2.5,4.1667,2,RANGING,8,2,2,2,1,2,0,1,1,1,2,2,1,1
BNBUSDT,1781690400000,1781704800000,2026-06-17T10:00:00.000Z,2026-06-17T14:00:00.000Z,SHORT,606.0990670204162,602.14,613.91796,590.461281,580.901,570.914049,0.6532,0.5063,TIMEOUT,VAO_TU_TIN,10.73,4.48,10.73,6.25,CLEAR,1.5,3.75,2.8125,4.1667,2,RANGING,17,2,2,2,0,2,0,1.5,1,1.5,1.5,2,1,1
BNBUSDT,1781708400000,1781737200000,2026-06-17T15:00:00.000Z,2026-06-17T23:00:00.000Z,SHORT,605.3202884674072,601.93,612.079942,591.800981,585.041328,574.901848,0.5601,0.5015,TIMEOUT,SETUP_NGON,11.67,8.54,11.67,3.13,CLEAR,1.5,4.375,3.125,4.1667,2,RANGING,22,2,2,1,2,2,0.5,1.5,1,1,2,2,1,1
BNBUSDT,1781744400000,1781773200000,2026-06-18T01:00:00.000Z,2026-06-18T09:00:00.000Z,SHORT,602.6364025115967,590.9,610.21407,587.481068,580.901,568.536899,1.9475,1.5488,TIMEOUT,SETUP_NGON,11.77,6.77,11.77,5,CLEAR,1.5,4.375,2.8125,4.5833,2,RANGING,8,2,2,2,1,2,0,1.5,1,1.5,2,2,1,1
BNBUSDT,1781776800000,1781794800000,2026-06-18T10:00:00.000Z,2026-06-18T15:00:00.000Z,SHORT,596.0317966461182,581.29359,603.4009,581.29359,573.924487,562.870832,2.4727,2,TP,VAO_TU_TIN,11.46,4.79,11.46,6.67,CLEAR,1.5,4.375,2.5,4.5833,2,TRENDING,17,2,1,2,2,2,0,1,1,2,1.5,2,1,1
BNBUSDT,1781798400000,1781812800000,2026-06-18T16:00:00.000Z,2026-06-18T20:00:00.000Z,SHORT,590.2586803436279,579.99,599.252518,572.271005,563.277167,549.786411,1.7397,1.1417,TIMEOUT,VAO_TU_TIN,10.42,5.63,10.42,4.79,CLEAR,1.5,3.125,3.125,4.1667,2,TRENDING,23,2,1,2,0,2,1,1,1,1,2,2,1,1
BNBUSDT,1781830800000,1781845200000,2026-06-19T01:00:00.000Z,2026-06-19T05:00:00.000Z,SHORT,582.8975728988647,575.85,591.586286,565.520147,556.831434,543.798364,1.2091,0.8111,TIMEOUT,VAO_TU_TIN,10.21,7.4,10.21,2.81,CLEAR,1.5,3.125,2.5,4.5833,2,RANGING,8,2,1,1,1,2,0,1,1,1.5,2,2,1,1
BNBUSDT,1781852400000,1781866800000,2026-06-19T07:00:00.000Z,2026-06-19T11:00:00.000Z,SHORT,579.6528498649598,573.36,591.333894,556.290762,544.609717,527.088151,1.0856,0.5387,TIMEOUT,CO_THE_VAO,9.17,5.63,9.17,3.54,CLEAR,1.5,2.5,2.5,4.1667,2,RANGING,14,2,1,1,0,2,0,1,1,2,1,2,1,1
BNBUSDT,1781870400000,1781884800000,2026-06-19T12:00:00.000Z,2026-06-19T16:00:00.000Z,SHORT,576.67063164711,577.52,585.072979,559.865937,551.46359,538.860069,-0.1473,-0.1011,TIMEOUT,VAO_TU_TIN,10,7.4,10,2.6,CLEAR,1.5,3.75,2.5,3.75,2,RANGING,19,2,2,1,1,2,0,1,1,1,1.5,2,1,0
BNBUSDT,1782133200000,1782147600000,2026-06-22T13:00:00.000Z,2026-06-22T17:00:00.000Z,LONG,594.3017996311188,595.66,582.85128,617.202839,628.653359,645.829138,0.2285,0.1186,TIMEOUT,CO_THE_VAO,9.9,9.9,5.1,4.8,CLEAR,1.5,3.125,2.1875,4.5833,2,RANGING,20,2,1,2,0,1,0.5,1,1,2,1.5,2,1,1
BNBUSDT,1782190800000,1782201600000,2026-06-23T05:00:00.000Z,2026-06-23T08:00:00.000Z,SHORT,590.9041253566742,573.161,598.669928,573.161,567.606717,555.958013,3.0027,2.2848,TP,VAO_TU_TIN,10.42,5.31,10.42,5.11,CLEAR,1.5,3.4375,2.8125,4.1667,2.28,RANGING,12,2,2,1.5,0,2,0.5,1,1,2,1,2,1,1
BNBUSDT,1782205200000,1782219600000,2026-06-23T09:00:00.000Z,2026-06-23T13:00:00.000Z,SHORT,585.8802082061768,575.28,595.369422,566.901781,557.412567,543.178746,1.8093,1.1171,TIMEOUT,CO_THE_VAO,9.79,4.17,9.79,5.62,CLEAR,1.5,3.125,2.5,4.1667,2,TRENDING,16,2,1,2,0,2,0,1,1,1.5,1.5,2,1,1
BNBUSDT,1782270000000,1782284400000,2026-06-24T03:00:00.000Z,2026-06-24T07:00:00.000Z,SHORT,577.5776170969009,577.09,584.527509,563.677833,556.727941,546.303104,0.0844,0.0702,TIMEOUT,VAO_TU_TIN,10.83,5.83,10.83,5,CLEAR,1.5,3.75,2.5,4.5833,2,RANGING,10,2,2,1,1,2,0,1,1,1.5,2,2,1,1
BNBUSDT,1782288000000,1782302400000,2026-06-24T08:00:00.000Z,2026-06-24T12:00:00.000Z,SHORT,577.5140889644623,576.89,585.980369,560.581529,552.115249,539.415829,0.1081,0.0737,TIMEOUT,CO_THE_VAO,9.79,7.71,9.79,2.08,CLEAR,1.5,4.375,2.5,2.9167,2,RANGING,15,2,2,1,2,2,0,1,1,0,1.5,2,1,1
BNBUSDT,1782309600000,1782316800000,2026-06-24T14:00:00.000Z,2026-06-24T16:00:00.000Z,SHORT,575.9567112445832,559.41476,584.227687,559.41476,551.143784,538.73732,2.8721,2,TP,VAO_TU_TIN,11.25,5.83,11.25,5.42,CLEAR,1.5,3.125,3.125,5,2,RANGING,21,2,1,2,0,2,1,1,1,2,2,2,1,1
BNBUSDT,1782320400000,1782324000000,2026-06-24T17:00:00.000Z,2026-06-24T18:00:00.000Z,SHORT,569.923321723938,551.322043,579.223961,551.322043,542.021404,528.070445,3.2638,2,TP,VAO_TU_TIN,10.42,4.38,10.42,6.04,CLEAR,1.5,3.125,3.125,4.1667,2,TRENDING,0,2,1,2,0,2,1,1,1,2,1,2,1,1
BNBUSDT,1782349200000,1782378000000,2026-06-25T01:00:00.000Z,2026-06-25T09:00:00.000Z,SHORT,564.7224554347991,568.79,575.411116,543.345134,532.656474,516.623483,-0.7203,-0.3805,TIMEOUT,VAO_TU_TIN,11.46,7.4,11.46,4.06,CLEAR,1.5,4.375,2.5,4.5833,2,RANGING,8,2,2,1,2,2,0,1,1,1.5,2,2,1,0
BNBUSDT,1782381600000,1782392400000,2026-06-25T10:00:00.000Z,2026-06-25T13:00:00.000Z,SHORT,566.6373883724212,549.200093,575.356036,549.200093,540.481445,527.403474,3.0773,2,TP,VAO_TU_TIN,11.46,6.67,11.46,4.79,CLEAR,1.5,4.375,2.5,4.5833,2,RANGING,17,2,2,1,2,2,0,1,1,2,1.5,2,1,1
BNBUSDT,1782694800000,1782723600000,2026-06-29T01:00:00.000Z,2026-06-29T09:00:00.000Z,SHORT,552.3328191280365,553.86,561.072972,534.852513,526.112361,513.002131,-0.2765,-0.1747,TIMEOUT,VAO_TU_TIN,11.25,7.4,11.25,3.85,CLEAR,1.5,3.75,2.5,5,2,RANGING,8,2,2,1,1,2,0,1,1,2,2,2,1,0
BNBUSDT,1782734400000,1782763200000,2026-06-29T12:00:00.000Z,2026-06-29T20:00:00.000Z,SHORT,554.3393747520447,560.42,563.36396,536.290204,527.265619,513.728741,-1.0969,-0.6738,TIMEOUT,VAO_TU_TIN,11.25,6.67,11.25,4.58,CLEAR,1.5,3.9583,3.125,4.1667,2,RANGING,19,1.3333333333333333,2,1,2,2,1,1,1,1.5,1.5,2,1,0
BNBUSDT,1782882000000,1782896400000,2026-07-01T05:00:00.000Z,2026-07-01T09:00:00.000Z,SHORT,550.5343806028366,545.66,559.735572,532.131998,522.930806,509.129019,0.8854,0.5298,TIMEOUT,CO_THE_VAO,9.69,5,9.69,4.69,CLEAR,1.5,2.7083,2.8125,4.1667,2,RANGING,12,1.3333333333333333,2,1,0,2,0,1.5,1,2,1,2,1,1
BNBUSDT,1782903600000,1782918000000,2026-07-01T11:00:00.000Z,2026-07-01T15:00:00.000Z,SHORT,546.682790517807,554.893286,554.893286,530.2618,522.051304,509.735561,-1.5019,-1,SL,VAO_TU_TIN,11.04,5.42,11.04,5.62,CLEAR,1.5,3.75,3.125,4.1667,2,RANGING,18,2,2,2,0,2,1,1,1,1.5,1.5,2,1,0
BNBUSDT,1782982800000,1782997200000,2026-07-02T09:00:00.000Z,2026-07-02T13:00:00.000Z,LONG,552.4949073791504,565.57,543.676537,570.739,578.950019,592.177574,2.3666,1.4827,TIMEOUT,VAO_TU_TIN,10.21,10.21,6.67,3.54,CLEAR,1.5,3.125,2.5,4.5833,2.07,RANGING,16,2,2,1,0,1,1,1,1,2,1.5,2,1,1
BNBUSDT,1783000800000,1783015200000,2026-07-02T14:00:00.000Z,2026-07-02T18:00:00.000Z,LONG,556.6042872428894,560.51,545.135244,579.542374,591.011417,608.214982,0.7017,0.3405,TIMEOUT,VAO_TU_TIN,10.42,10.42,6.25,4.17,CLEAR,1.5,3.75,2.5,4.1667,2,RANGING,21,2,2,2,0,1,1,1,1,1,2,2,1,1
BNBUSDT,1783328400000,1783342800000,2026-07-06T09:00:00.000Z,2026-07-06T13:00:00.000Z,SHORT,583.1447377681732,573.37,594.945077,559.544059,546.451,530.043211,1.6762,0.8283,TIMEOUT,CO_THE_VAO,9.77,6.25,9.77,3.52,CLEAR,1.5,3.0208,3,3.75,2,RANGING,16,1.3333333333333333,2,1.5,0,2,0.3,1,1.5,1,1.5,2,1,1
BNBUSDT,1783346400000,1783360800000,2026-07-06T14:00:00.000Z,2026-07-06T18:00:00.000Z,SHORT,580.013914680481,584.87,587.439586,565.162572,557.736901,546.451,-0.8372,-0.654,TIMEOUT,VAO_TU_TIN,10.31,7.19,10.31,3.12,CLEAR,1.5,3.3333,2.8125,4.1667,2,TRENDING,21,1.3333333333333333,1,1,2,2,0,1,1.5,1,2,2,1,0
BNBUSDT,1783447200000,1783461600000,2026-07-07T18:00:00.000Z,2026-07-07T22:00:00.000Z,SHORT,581.7187614202498,578.91,593.681239,557.793806,545.831329,527.887612,0.4828,0.2348,TIMEOUT,CO_THE_VAO,9.35,8.33,9.35,1.02,CLEAR,1.5,2.5,2.6875,4.1667,2,RANGING,1,0,1,1,2,2,0.3,1,1,2,1,2,1,1
BNBUSDT,1783522800000,1783537200000,2026-07-08T15:00:00.000Z,2026-07-08T19:00:00.000Z,SHORT,568.1495387554169,567.32,576.651951,551.144714,542.642302,529.888684,0.146,0.0976,TIMEOUT,VAO_TU_TIN,10.81,6.46,10.81,4.35,CLEAR,1.5,3.125,2.6875,5,2,RANGING,22,2,1,2,0,2,0.3,1,1,2,2,2,1,1
BNBUSDT,1783558800000,1783573200000,2026-07-09T01:00:00.000Z,2026-07-09T05:00:00.000Z,SHORT,566.7068251466751,574.063441,574.063441,551.993593,544.636978,533.602054,-1.2981,-1,SL,VAO_TU_TIN,11.44,6.46,11.44,4.98,CLEAR,1.5,3.75,2.6875,5,2,RANGING,8,2,2,1,1,2,0.3,1,1,2,2,2,1,0
BNBUSDT,1783594800000,1783609200000,2026-07-09T11:00:00.000Z,2026-07-09T15:00:00.000Z,SHORT,569.3943199872971,571.42,576.397538,555.387884,548.384666,537.879839,-0.3558,-0.2892,TIMEOUT,VAO_TU_TIN,10.42,7.6,10.42,2.82,CLEAR,1.5,4.0625,3.4375,2.9167,2,RANGING,18,1.5,2,1,2,2,1,1.5,1,0,1.5,2,1,0
BNBUSDT,1783612800000,1783641600000,2026-07-09T16:00:00.000Z,2026-07-10T00:00:00.000Z,SHORT,569.6678745508194,571.1,577.944003,553.115618,544.839489,532.425297,-0.2514,-0.173,TIMEOUT,VAO_TU_TIN,11.15,8.02,11.15,3.13,CLEAR,1.5,4.0625,3.75,3.3333,2,RANGING,23,1.5,2,1,2,2,1,1.5,1.5,0,2,2,1,0
BNBUSDT,1783846800000,1783857600000,2026-07-12T09:00:00.000Z,2026-07-12T12:00:00.000Z,SHORT,575.0440540790557,581.432421,581.432421,560.581,555.878953,546.296403,-1.1109,-1,SL,CO_THE_VAO,9.79,8.31,9.79,1.48,CLEAR,1.5,2.7083,2.5,4.5833,2.26,RANGING,16,1.3333333333333333,1,1,1,2,0,1,1,2,1.5,2,1,0
BNBUSDT,1783904400000,1783918800000,2026-07-13T01:00:00.000Z,2026-07-13T05:00:00.000Z,SHORT,576.6944117069245,566.803115,581.64006,566.803115,560.581,554.438994,1.7152,2,TP,SETUP_NGON,12.06,5.21,12.06,6.85,CLEAR,1.5,3.4375,3.625,5,2,RANGING,8,1.5,2,2,0,2,1.3,1,1.5,2,2,2,1,1
BNBUSDT,1783954800000,1783969200000,2026-07-13T15:00:00.000Z,2026-07-13T19:00:00.000Z,SHORT,570.4166578674316,566.47,577.873342,555.50329,548.046605,536.861579,0.6919,0.5293,TIMEOUT,VAO_TU_TIN,10.81,7.08,10.81,3.73,CLEAR,1.5,3.75,2.0625,5,2,RANGING,22,2,2,1,1,2,0.3,1,0,2,2,2,1,1
BNBUSDT,1783990800000,1784005200000,2026-07-14T01:00:00.000Z,2026-07-14T05:00:00.000Z,SHORT,570.4595584774017,570.83,577.830442,555.717791,548.346908,537.290583,-0.0649,-0.0503,TIMEOUT,VAO_TU_TIN,10.42,6.96,10.42,3.46,CLEAR,1.5,3.3333,2.5,4.5833,2,RANGING,8,1.3333333333333333,2,1,1,2,0,1,1,1.5,2,2,1,0
BNBUSDT,1784030400000,1784041200000,2026-07-14T12:00:00.000Z,2026-07-14T15:00:00.000Z,LONG,571.2291189193726,583.419,565.337778,583.419,587.469,597.740153,2.134,2.0691,TP,VAO_TU_TIN,10.71,10.71,4.79,5.92,CLEAR,1.5,3.125,3,4.5833,2.07,RANGING,19,2,1,2,0,1,1.3,1,1.5,2,1.5,2,1,1
BNBUSDT,1784044800000,1784059200000,2026-07-14T16:00:00.000Z,2026-07-14T20:00:00.000Z,LONG,574.9539072036744,580.24,566.748038,591.365646,599.571515,611.880319,0.9194,0.6442,TIMEOUT,CO_THE_VAO,9.9,9.9,4.77,5.13,CLEAR,1.5,3.125,2.1875,4.5833,2,RANGING,23,2,1,2,0,1,0,1,1.5,1.5,2,2,1,1
BNBUSDT,1784185200000,1784199600000,2026-07-16T07:00:00.000Z,2026-07-16T11:00:00.000Z,SHORT,580.2490541934967,578.45,587.855584,565.035995,557.429465,546.01967,0.31,0.2365,TIMEOUT,CO_THE_VAO,9.79,6.56,9.79,3.23,CLEAR,1.5,2.5,3.125,4.1667,2,RANGING,14,1,2,1,0,2,1,2,0,2,1,2,1,1
BNBUSDT,1784203200000,1784210400000,2026-07-16T12:00:00.000Z,2026-07-16T14:00:00.000Z,SHORT,576.1974018096923,581.200264,581.200264,566.191677,562.521,553.684522,-0.8683,-1,SL,VAO_TU_TIN,10.6,5.1,10.6,5.5,CLEAR,1.5,2.7083,3.3125,4.5833,2,RANGING,19,1.3333333333333333,2,1,0,2,0.3,1.5,1.5,2,1.5,2,1,0
BNBUSDT,1784214000000,1784242800000,2026-07-16T15:00:00.000Z,2026-07-16T23:00:00.000Z,SHORT,581.4950914382935,572.79,587.764421,568.956432,562.687103,553.283108,1.497,1.3885,TIMEOUT,VAO_TU_TIN,11.02,8.65,11.02,2.37,CLEAR,1.5,3.125,3.3125,4.5833,2,RANGING,22,0,2,1,2,2,0.8,1.5,1,1.5,2,2,1,1
BNBUSDT,1784250000000,1784271600000,2026-07-17T01:00:00.000Z,2026-07-17T07:00:00.000Z,SHORT,575.9654663085937,567.046967,580.424716,567.046967,562.521,555.898843,1.5484,2,TP,SETUP_NGON,12.19,4.9,12.19,7.29,CLEAR,1.5,3.75,3.4375,5,2,RANGING,8,2,2,2,0,2,1,1.5,1,2,2,2,1,1
BNBUSDT,1784376000000,1784390400000,2026-07-18T12:00:00.000Z,2026-07-18T16:00:00.000Z,LONG,569.0523193359375,571.51,564.745239,577.66648,583.419,585.769,0.4319,0.5706,TIMEOUT,VAO_TU_TIN,10.52,10.52,6.56,3.96,CLEAR,1.5,2.8125,3.125,4.5833,2,RANGING,19,1,2,1.5,0,1,2,1,1,2,1.5,2,1,1
BNBUSDT,1784527200000,1784541600000,2026-07-20T06:00:00.000Z,2026-07-20T10:00:00.000Z,SHORT,568.2460159778595,566.98,573.836166,555.691,551.475566,543.090341,0.2228,0.2265,TIMEOUT,VAO_TU_TIN,10.29,5.63,10.29,4.66,CLEAR,1.5,2.8125,3.3125,4.1667,2.25,RANGING,13,2,1,1.5,0,2,1.3,1,1,2,1,2,1,1
BNBUSDT,1784700000000,1784714400000,2026-07-22T06:00:00.000Z,2026-07-22T10:00:00.000Z,SHORT,572.6082272529602,571.33,577.395755,563.011,555.691,551.064352,0.2232,0.267,TIMEOUT,VAO_TU_TIN,10.21,5.63,10.21,4.58,CLEAR,1.5,3.125,3.75,3.3333,2,RANGING,13,2,1,2,0,2,2,2,0,1,1,2,1,1
BNBUSDT,1784876400000,1784890800000,2026-07-24T07:00:00.000Z,2026-07-24T11:00:00.000Z,SHORT,569.7854877948761,567.18,576.448809,556.458845,549.795524,539.800542,0.4573,0.391,TIMEOUT,CO_THE_VAO,9.17,9.04,9.17,0.13,CLEAR,1.5,2.7083,3.125,3.3333,2,RANGING,14,1.3333333333333333,2,1,0,2,1,1,1,1,1,2,1,1
BNBUSDT,1784894400000,1784908800000,2026-07-24T12:00:00.000Z,2026-07-24T16:00:00.000Z,SHORT,567.4804639816284,560.6,572.192308,555.691,555.691,546.277166,1.2125,1.4602,TIMEOUT,VAO_TU_TIN,10.83,4.79,10.83,6.04,CLEAR,1.5,3.125,3.125,4.5833,2.5,RANGING,19,2,1,2,0,2,2,1,0,2,1.5,2,1,1
BNBUSDT,1784912400000,1784926800000,2026-07-24T17:00:00.000Z,2026-07-24T21:00:00.000Z,SHORT,564.4136362791062,564.07,571.739015,549.762879,542.4375,531.449432,0.0609,0.0469,TIMEOUT,CO_THE_VAO,9.9,5.42,9.9,4.48,CLEAR,1.5,3.75,2.8125,3.3333,2,RANGING,0,2,2,2,0,2,0,1,1.5,1,1,2,1,1
BNBUSDT,1784973600000,1784988000000,2026-07-25T10:00:00.000Z,2026-07-25T14:00:00.000Z,SHORT,566.0058207273484,567.5,570.670075,556.121,552.013058,545.016677,-0.264,-0.3203,TIMEOUT,CO_THE_VAO,9.69,6.98,9.69,2.71,CLEAR,1.5,3.3333,2.1875,4.1667,2.12,RANGING,17,1.3333333333333333,2,1,1,2,0,1.5,0,1.5,1.5,2,1,0
BNBUSDT,1785168000000,1785182400000,2026-07-27T16:00:00.000Z,2026-07-27T20:00:00.000Z,LONG,572.8668450736999,574.86,566.803315,584.993905,591.057435,600.15273,0.3479,0.3287,TIMEOUT,VAO_TU_TIN,10.31,10.31,8.23,2.08,CLEAR,1.5,3.125,2.1875,5,2,RANGING,23,1,2,1,1,1,1.5,1,0,2,2,2,1,1
BNBUSDT,1785200400000,1785229200000,2026-07-28T01:00:00.000Z,2026-07-28T09:00:00.000Z,SHORT,570.6023811340332,566.12,576.734869,556.121,552.204918,543.006186,0.7856,0.7309,TIMEOUT,SETUP_NGON,12.19,4.9,12.19,7.29,CLEAR,1.5,3.125,4.0625,5,2.36,RANGING,8,2,1,2,0,2,2,1,1.5,2,2,2,1,1
BNBUSDT,1785232800000,1785247200000,2026-07-28T10:00:00.000Z,2026-07-28T14:00:00.000Z,SHORT,566.5896393203735,568.96,571.725618,556.121,551.181703,543.477735,-0.4184,-0.4615,TIMEOUT,VAO_TU_TIN,10.6,6.35,10.6,4.25,CLEAR,1.5,4.375,2.0625,4.1667,2.04,RANGING,17,2,2,2,1,2,0.3,1,0,1.5,1.5,2,1,0
BNBUSDT,1785261600000,1785276000000,2026-07-28T18:00:00.000Z,2026-07-28T22:00:00.000Z,SHORT,569.4699225664139,569.2,577.913052,552.583664,544.140534,531.47584,0.0474,0.032,TIMEOUT,CO_THE_VAO,9.06,6.44,9.06,2.62,CLEAR,1.5,2.5,2.8125,3.75,2,RANGING,1,0,2,1,1,2,0,1.5,1,1.5,1,2,1,1
BNBUSDT,1785286800000,1785301200000,2026-07-29T01:00:00.000Z,2026-07-29T05:00:00.000Z,SHORT,570.8141003322602,570.01,578.4059,555.630501,548.038701,536.651002,0.1409,0.1059,TIMEOUT,VAO_TU_TIN,10.21,8.54,10.21,1.67,CLEAR,1.5,3.3333,3.125,3.75,2,RANGING,8,1.3333333333333333,2,1,1,2,1,1,1,0.5,2,2,1,1
BNBUSDT,1785315600000,1785330000000,2026-07-29T09:00:00.000Z,2026-07-29T13:00:00.000Z,LONG,571.3962098360062,570.54,565.827951,582.532728,588.100986,596.453375,-0.1498,-0.1538,TIMEOUT,VAO_TU_TIN,10.21,10.21,5.42,4.79,CLEAR,1.5,3.125,2.5,4.5833,2,RANGING,16,1.5,2,1.5,0,1,1,1,1,2,1.5,2,1,0
BNBUSDT,1785337200000,1785351600000,2026-07-29T15:00:00.000Z,2026-07-29T19:00:00.000Z,SHORT,569.5201117277145,568.85,574.879787,556.121,556.121,545.401573,0.1177,0.125,TIMEOUT,VAO_TU_TIN,10.42,7.08,10.42,3.34,CLEAR,1.5,3.4375,2.8125,4.1667,2.5,RANGING,22,1.5,2,2,0,2,0,1,1.5,1,2,2,1,1
BNBUSDT,1785373200000,1785402000000,2026-07-30T01:00:00.000Z,2026-07-30T09:00:00.000Z,LONG,571.6656499862671,580.3,565.426311,584.144328,590.383667,599.742675,1.5104,1.3839,TIMEOUT,SETUP_NGON,11.88,11.88,5.21,6.67,CLEAR,1.5,3.75,3.125,5,2,RANGING,8,2,2,2,0,1,2,0.5,1.5,2,2,2,1,1
BNBUSDT,1785405600000,1785409200000,2026-07-30T10:00:00.000Z,2026-07-30T11:00:00.000Z,LONG,575.7286891937256,589.635584,568.775242,589.635584,596.589031,607.019202,2.4155,2,TP,VAO_TU_TIN,10.42,10.42,5,5.42,CLEAR,1.5,3.125,3.125,4.1667,2,RANGING,17,2,1,2,0,1,2,0.5,1.5,1.5,1.5,2,1,1
BNBUSDT,1785520800000,1785535200000,2026-07-31T18:00:00.000Z,2026-07-31T22:00:00.000Z,SHORT,588.4328099966049,587.05,597.44385,570.41073,561.39969,547.88313,0.235,0.1535,TIMEOUT,CO_THE_VAO,9.98,6.56,9.98,3.42,CLEAR,1.5,2.5,3.3125,4.1667,2,RANGING,1,1,1,1,1,2,0.3,1.5,1.5,2,1,2,1,1
BNBUSDT,1785564000000,1785578400000,2026-08-01T06:00:00.000Z,2026-08-01T10:00:00.000Z,LONG,590.5690479516983,583.553459,583.553459,604.600226,611.615815,622.139198,-1.1879,-1,SL,CO_THE_VAO,9.06,9.06,5.63,3.43,CLEAR,1.5,3.75,2.8125,2.5,2,RANGING,13,2,2,2,0,1,1,1,1.5,0,1,2,1,0
BNBUSDT,1785636000000,1785650400000,2026-08-02T02:00:00.000Z,2026-08-02T06:00:00.000Z,LONG,580.4070669174195,585.38,574.913609,593.249,595.859,605.127628,0.8568,0.9052,TIMEOUT,VAO_TU_TIN,10.63,10.63,8.02,2.61,CLEAR,1.5,3.4375,2.1875,5,2.34,RANGING,9,1,2,1.5,1,1,2,0.5,0,2,2,2,1,1
